54	https://http2.mlstatic.com/D_Q_NP_2X_897854-MLA99392109032_112025-E.webp
55	https://http2.mlstatic.com/D_Q_NP_2X_897854-MLA99392109032_112025-E.webp
56	https://http2.mlstatic.com/D_Q_NP_2X_899275-MLA100083346481_122025-E.webp
58	https://http2.mlstatic.com/D_Q_NP_2X_815651-MLC89107227336_082025-E.webp
59	https://http2.mlstatic.com/D_Q_NP_2X_803104-MLC98762248925_112025-E.webp
202	https://http2.mlstatic.com/D_Q_NP_2X_674344-CBT104710806531_012026-E.webp
424	https://http2.mlstatic.com/D_Q_NP_2X_995483-MLA84845571059_052025-E.webp
1762	https://http2.mlstatic.com/D_Q_NP_2X_880852-MLA92592995899_092025-E.webp
425	https://http2.mlstatic.com/D_Q_NP_2X_880852-MLA92592995899_092025-E.webp
485	https://http2.mlstatic.com/D_Q_NP_2X_891402-MLA100128653455_122025-E.webp
486	https://http2.mlstatic.com/D_Q_NP_2X_891402-MLA100128653455_122025-E.webp
487	https://http2.mlstatic.com/D_Q_NP_2X_737558-MLA97116319776_112025-E.webp
488	https://http2.mlstatic.com/D_Q_NP_2X_737558-MLA97116319776_112025-E.webp
604	https://http2.mlstatic.com/D_Q_NP_2X_843535-MLC82480847583_022025-E.webp
605	https://http2.mlstatic.com/D_Q_NP_2X_843535-MLC82480847583_022025-E.webp
813	https://http2.mlstatic.com/D_Q_NP_2X_847347-MLA86874379049_062025-E.webp
949	https://http2.mlstatic.com/D_Q_NP_2X_741356-MLC82196803578_022025-E.webp
950	https://http2.mlstatic.com/D_Q_NP_2X_841193-MLA109411110588_042026-E.webp
1024	https://http2.mlstatic.com/D_Q_NP_2X_804503-MLC90644757688_082025-E.webp
1025	https://http2.mlstatic.com/D_Q_NP_2X_895010-MLC90643850310_082025-E.webp
1027	https://http2.mlstatic.com/D_Q_NP_2X_913934-MLA100113220811_122025-E.webp
1028	https://http2.mlstatic.com/D_Q_NP_2X_692372-MLC87584537540_072025-E.webp
1029	https://http2.mlstatic.com/D_Q_NP_2X_913934-MLA100113220811_122025-E.webp
1030	https://http2.mlstatic.com/D_Q_NP_2X_692372-MLC87584537540_072025-E.webp
1031	https://http2.mlstatic.com/D_Q_NP_2X_869762-MLC80553767667_112024-E.webp
1032	https://http2.mlstatic.com/D_Q_NP_2X_668255-MLA100106303585_122025-E.webp
1033	https://http2.mlstatic.com/D_Q_NP_2X_764469-MLC93160727570_092025-E.webp
1100	https://http2.mlstatic.com/D_Q_NP_2X_713580-MLC94993178359_102025-E.webp
1101	https://http2.mlstatic.com/D_Q_NP_2X_760906-MLA110990635763_042026-E.webp
1102	https://http2.mlstatic.com/D_Q_NP_2X_721688-MLA99478960274_112025-E.webp
1103	https://http2.mlstatic.com/D_Q_NP_2X_727463-MLA96676835735_102025-E.webp
1104	https://http2.mlstatic.com/D_Q_NP_2X_723784-MLC109850426248_042026-E.webp
1158	https://http2.mlstatic.com/D_Q_NP_2X_939790-MLA99584020394_122025-E.webp
1227	https://http2.mlstatic.com/D_Q_NP_2X_893734-MLC101412247275_122025-E.webp
1228	https://http2.mlstatic.com/D_Q_NP_2X_685713-MLA95529255828_102025-E.webp
1265	https://http2.mlstatic.com/D_Q_NP_2X_804503-MLC90644757688_082025-E.webp
1264	https://http2.mlstatic.com/D_Q_NP_2X_804503-MLC90644757688_082025-E.webp
1266	https://http2.mlstatic.com/D_Q_NP_2X_895010-MLC90643850310_082025-E.webp
1303	https://http2.mlstatic.com/D_Q_NP_2X_813007-MLA99463516644_112025-E.webp
1304	https://http2.mlstatic.com/D_Q_NP_2X_804051-MLC78292724029_082024-E.webp
1305	https://http2.mlstatic.com/D_NQ_NP_2X_608781-MLA99522561270_122025-O.webp
1306	https://http2.mlstatic.com/D_NQ_NP_2X_608781-MLA99522561270_122025-O.webp
1307	https://http2.mlstatic.com/D_NQ_NP_2X_838815-MLA100063206935_122025-O.webp
1308	https://http2.mlstatic.com/D_NQ_NP_2X_831192-MLC109608567428_042026-O.webp
2016	https://http2.mlstatic.com/D_NQ_NP_2X_797343-MLC96572676108_112025-O.webp
1309	https://http2.mlstatic.com/D_NQ_NP_2X_797343-MLC96572676108_112025-O.webp
1310	https://http2.mlstatic.com/D_NQ_NP_2X_796705-MLA80634474885_112024-O.webp
2017	https://http2.mlstatic.com/D_NQ_NP_2X_796705-MLA80634474885_112024-O.webp
2018	https://http2.mlstatic.com/D_NQ_NP_2X_922504-MLA99412447178_112025-O.webp
1311	https://http2.mlstatic.com/D_NQ_NP_2X_922504-MLA99412447178_112025-O.webp
1312	https://http2.mlstatic.com/D_NQ_NP_2X_797343-MLC96572676108_112025-O.webp
1313	https://http2.mlstatic.com/D_NQ_NP_2X_945119-MLA100054724843_122025-O.webp
1314	https://http2.mlstatic.com/D_NQ_NP_2X_838815-MLA100063206935_122025-O.webp
2021	https://http2.mlstatic.com/D_NQ_NP_2X_959725-MLA99504085612_112025-O.webp
1315	https://http2.mlstatic.com/D_NQ_NP_2X_959725-MLA99504085612_112025-O.webp
1316	https://http2.mlstatic.com/D_NQ_NP_2X_888433-MLA96976272736_112025-O.webp
1317	https://http2.mlstatic.com/D_NQ_NP_2X_623883-MLC69423252761_052023-O.webp
2025	https://http2.mlstatic.com/D_NQ_NP_2X_804359-MLA110301642426_052026-O.webp
1318	https://http2.mlstatic.com/D_NQ_NP_2X_804359-MLA110301642426_052026-O.webp
1384	https://http2.mlstatic.com/D_NQ_NP_2X_804359-MLA110301642426_052026-O.webp
2094	https://http2.mlstatic.com/D_NQ_NP_2X_727729-MLC77170271379_062024-O.webp
1385	https://http2.mlstatic.com/D_NQ_NP_2X_727729-MLC77170271379_062024-O.webp
1500	https://http2.mlstatic.com/D_NQ_NP_2X_980689-MLA92321857278_092025-O.webp
1501	https://http2.mlstatic.com/D_NQ_NP_2X_980689-MLA92321857278_092025-O.webp
1502	https://http2.mlstatic.com/D_NQ_NP_2X_980689-MLA92321857278_092025-O.webp
1609	https://http2.mlstatic.com/D_NQ_NP_2X_906778-MLA99572362852_122025-O.webp
2321	https://http2.mlstatic.com/D_NQ_NP_2X_906778-MLA99572362852_122025-O.webp
1610	https://http2.mlstatic.com/D_NQ_NP_2X_906778-MLA99572362852_122025-O.webp
1611	https://http2.mlstatic.com/D_NQ_NP_2X_784811-MLA99522477702_122025-O.webp
2322	https://http2.mlstatic.com/D_NQ_NP_2X_784811-MLA99522477702_122025-O.webp
1612	https://http2.mlstatic.com/D_NQ_NP_2X_906778-MLA99572362852_122025-O.webp
2323	https://http2.mlstatic.com/D_NQ_NP_2X_906778-MLA99572362852_122025-O.webp
199	https://http2.mlstatic.com/D_NQ_NP_2X_964735-MLA81727598548_012025-O.webp
57	https://http2.mlstatic.com/D_Q_NP_2X_879239-MLA99623581718_122025-E.webp
133	https://http2.mlstatic.com/D_Q_NP_2X_897037-MLC95128189669_102025-E.webp
530	https://http2.mlstatic.com/D_Q_NP_2X_622998-MLA99841581335_112025-E.webp
531	https://http2.mlstatic.com/D_Q_NP_2X_622998-MLA99841581335_112025-E.webp
728	https://http2.mlstatic.com/D_Q_NP_2X_627281-MLC50629249475_072022-E.webp
730	https://http2.mlstatic.com/D_Q_NP_2X_627281-MLC50629249475_072022-E.webp
1229	https://http2.mlstatic.com/D_Q_NP_2X_640676-MLC105400287722_012026-E.webp
663	https://http2.mlstatic.com/D_Q_NP_2X_920538-MLA100053667393_122025-E.webp
673	https://http2.mlstatic.com/D_Q_NP_2X_943384-MLC111086262058_052026-E.webp
674	https://http2.mlstatic.com/D_Q_NP_2X_959013-MLC77439471852_072024-E.webp
815	https://http2.mlstatic.com/D_Q_NP_2X_833194-MLC54242341714_032023-E.webp
816	https://http2.mlstatic.com/D_Q_NP_2X_727768-MLC107820898750_032026-E.webp
189	https://http2.mlstatic.com/D_Q_NP_2X_730897-MLA99990559221_112025-E.webp
1	https://http2.mlstatic.com/D_Q_NP_2X_667404-MLU70898426497_082023-E.webp
377	https://http2.mlstatic.com/D_Q_NP_2X_667404-MLU70898426497_082023-E.webp
378	https://http2.mlstatic.com/D_Q_NP_2X_652931-MLC74782628657_022024-E.webp
694	https://http2.mlstatic.com/D_Q_NP_2X_773670-MLC110694352604_052026-E.webp
695	https://http2.mlstatic.com/D_Q_NP_2X_905126-MLA99600637552_122025-E.webp
696	https://http2.mlstatic.com/D_Q_NP_2X_881643-MLA100080323363_122025-E.webp
697	https://http2.mlstatic.com/D_Q_NP_2X_903903-MLA99601872170_122025-E.webp
698	https://http2.mlstatic.com/D_Q_NP_2X_881766-MLA100082225977_122025-E.webp
699	https://http2.mlstatic.com/D_Q_NP_2X_766708-MLC103993838381_012026-E.webp
700	https://http2.mlstatic.com/D_Q_NP_2X_608283-MLA99591512748_122025-E.webp
1034	https://http2.mlstatic.com/D_Q_NP_2X_947340-MLA99425372624_112025-E.webp
1268	https://http2.mlstatic.com/D_Q_NP_2X_982472-MLC109676313174_042026-E.webp
1973	https://http2.mlstatic.com/D_Q_NP_2X_982472-MLC109676313174_042026-E.webp
1267	https://http2.mlstatic.com/D_Q_NP_2X_982472-MLC109676313174_042026-E.webp
1269	https://http2.mlstatic.com/D_Q_NP_2X_982472-MLC109676313174_042026-E.webp
1270	https://http2.mlstatic.com/D_Q_NP_2X_982472-MLC109676313174_042026-E.webp
1302	https://http2.mlstatic.com/D_Q_NP_2X_727047-MLC82473076673_022025-E.webp
1438	https://http2.mlstatic.com/D_Q_NP_2X_859680-MLC95224921319_102025-E.webp
1614	https://http2.mlstatic.com/D_Q_NP_2X_831560-MLA99954462675_112025-E.webp
1615	https://http2.mlstatic.com/D_Q_NP_2X_847851-MLA99595797402_122025-E.webp
1616	https://http2.mlstatic.com/D_Q_NP_2X_856548-MLA99578803652_122025-E.webp
1617	https://http2.mlstatic.com/D_Q_NP_2X_972832-MLC77038725618_062024-E.webp
44	https://http2.mlstatic.com/D_Q_NP_2X_981656-MLC53023895495_122022-E.webp
45	https://http2.mlstatic.com/D_Q_NP_2X_981656-MLC53023895495_122022-E.webp
7	https://http2.mlstatic.com/D_Q_NP_2X_778214-MLC110890393556_052026-E.webp
8	https://http2.mlstatic.com/D_Q_NP_2X_888111-MLC47224126944_082021-E.webp
9	https://http2.mlstatic.com/D_Q_NP_2X_888111-MLC47224126944_082021-E.webp
10	https://http2.mlstatic.com/D_Q_NP_2X_916348-MLC111857704343_052026-E.webp
283	https://http2.mlstatic.com/D_Q_NP_2X_842497-MLC46195643921_052021-E.webp
300	https://http2.mlstatic.com/D_Q_NP_2X_775609-MLC104014898605_012026-E.webp
419	https://http2.mlstatic.com/D_Q_NP_2X_944586-MLA99596954044_122025-E.webp
461	https://http2.mlstatic.com/D_Q_NP_2X_739275-MLC49512084397_032022-E.webp
462	https://http2.mlstatic.com/D_Q_NP_2X_707862-MLC90849550374_082025-E.webp
463	https://http2.mlstatic.com/D_Q_NP_2X_668645-MLC43009279326_082020-E.webp
464	https://http2.mlstatic.com/D_Q_NP_2X_668645-MLC43009279326_082020-E.webp
466	https://http2.mlstatic.com/D_Q_NP_2X_879321-MLC53020332545_122022-E.webp
467	https://http2.mlstatic.com/D_Q_NP_2X_769823-MLC76420070369_052024-E.webp
468	https://http2.mlstatic.com/D_Q_NP_2X_879321-MLC53020332545_122022-E.webp
469	https://http2.mlstatic.com/D_Q_NP_2X_769823-MLC76420070369_052024-E.webp
470	https://http2.mlstatic.com/D_Q_NP_2X_668645-MLC43009279326_082020-E.webp
471	https://http2.mlstatic.com/D_Q_NP_2X_668645-MLC43009279326_082020-E.webp
472	https://http2.mlstatic.com/D_Q_NP_2X_668645-MLC43009279326_082020-E.webp
474	https://http2.mlstatic.com/D_Q_NP_2X_741502-MLC89372210611_082025-E.webp
473	https://http2.mlstatic.com/D_Q_NP_2X_744631-MLC89593810213_082025-E.webp
475	https://http2.mlstatic.com/D_Q_NP_2X_744631-MLC89593810213_082025-E.webp
476	https://http2.mlstatic.com/D_Q_NP_2X_741502-MLC89372210611_082025-E.webp
477	https://http2.mlstatic.com/D_Q_NP_2X_855999-MLC110705461787_042026-E.webp
1779	https://http2.mlstatic.com/D_Q_NP_2X_980507-MLC110710391115_042026-E.webp
478	https://http2.mlstatic.com/D_Q_NP_2X_980507-MLC110710391115_042026-E.webp
479	https://http2.mlstatic.com/D_Q_NP_2X_871116-MLC110706303229_042026-E.webp
480	https://http2.mlstatic.com/D_Q_NP_2X_693157-MLC71166928719_082023-E.webp
481	https://http2.mlstatic.com/D_Q_NP_2X_991725-MLC109813788632_042026-E.webp
482	https://http2.mlstatic.com/D_Q_NP_2X_928128-MLC110705820587_042026-E.webp
483	https://http2.mlstatic.com/D_Q_NP_2X_928825-MLC50533985885_062022-E.webp
484	https://http2.mlstatic.com/D_Q_NP_2X_880730-MLC110705909685_042026-E.webp
496	https://http2.mlstatic.com/D_Q_NP_2X_946345-MLA100108424273_122025-E.webp
497	https://http2.mlstatic.com/D_Q_NP_2X_946345-MLA100108424273_122025-E.webp
498	https://http2.mlstatic.com/D_Q_NP_2X_935691-MLC89161633813_082025-E.webp
499	https://http2.mlstatic.com/D_Q_NP_2X_935691-MLC89161633813_082025-E.webp
500	https://http2.mlstatic.com/D_Q_NP_2X_935691-MLC89161633813_082025-E.webp
501	https://http2.mlstatic.com/D_Q_NP_2X_870192-MLC110705120393_042026-E.webp
1684	https://http2.mlstatic.com/D_Q_NP_2X_875152-MLC74178966119_012024-E.webp
1723	https://http2.mlstatic.com/D_Q_NP_2X_931517-MLA99516291994_112025-E.webp
355	https://http2.mlstatic.com/D_Q_NP_2X_859031-MLC93712881880_102025-E.webp
356	https://http2.mlstatic.com/D_Q_NP_2X_859031-MLC93712881880_102025-E.webp
357	https://http2.mlstatic.com/D_Q_NP_2X_859031-MLC93712881880_102025-E.webp
358	https://http2.mlstatic.com/D_Q_NP_2X_859031-MLC93712881880_102025-E.webp
359	https://http2.mlstatic.com/D_Q_NP_2X_859031-MLC93712881880_102025-E.webp
360	https://http2.mlstatic.com/D_Q_NP_2X_911817-MLC50744899110_072022-E.webp
361	https://http2.mlstatic.com/D_Q_NP_2X_911817-MLC50744899110_072022-E.webp
1741	https://http2.mlstatic.com/D_Q_NP_2X_796069-MLC99245903134_112025-E.webp
1742	https://http2.mlstatic.com/D_Q_NP_2X_796069-MLC99245903134_112025-E.webp
1743	https://http2.mlstatic.com/D_Q_NP_2X_796069-MLC99245903134_112025-E.webp
362	https://http2.mlstatic.com/D_Q_NP_2X_769464-MLC94438436247_102025-E.webp
363	https://http2.mlstatic.com/D_Q_NP_2X_769464-MLC94438436247_102025-E.webp
386	https://http2.mlstatic.com/D_Q_NP_2X_684740-MLA99841265785_112025-E.webp
390	https://http2.mlstatic.com/D_Q_NP_2X_684740-MLA99841265785_112025-E.webp
391	https://http2.mlstatic.com/D_Q_NP_2X_822129-MLC93630762090_102025-E.webp
387	https://http2.mlstatic.com/D_Q_NP_2X_822129-MLC93630762090_102025-E.webp
392	https://http2.mlstatic.com/D_Q_NP_2X_822129-MLC93630762090_102025-E.webp
389	https://http2.mlstatic.com/D_Q_NP_2X_822129-MLC93630762090_102025-E.webp
1752	https://http2.mlstatic.com/D_Q_NP_2X_889254-MLA95632435746_102025-E.webp
385	https://http2.mlstatic.com/D_Q_NP_2X_752231-MLA99937171385_112025-E.webp
393	https://http2.mlstatic.com/D_Q_NP_2X_806076-MLC46653451980_072021-E.webp
394	https://http2.mlstatic.com/D_Q_NP_2X_868899-MLC79738226369_102024-E.webp
395	https://http2.mlstatic.com/D_Q_NP_2X_868899-MLC79738226369_102024-E.webp
396	https://http2.mlstatic.com/D_Q_NP_2X_868899-MLC79738226369_102024-E.webp
397	https://http2.mlstatic.com/D_Q_NP_2X_868899-MLC79738226369_102024-E.webp
936	https://http2.mlstatic.com/D_Q_NP_2X_910146-MLC90312311259_082025-E.webp
937	https://http2.mlstatic.com/D_Q_NP_2X_999972-MLC103656722963_012026-E.webp
938	https://http2.mlstatic.com/D_Q_NP_2X_676989-MLC111762366611_052026-E-akilda-manilla-fierro-rusrica-colonial-con-base-a4067-285.webp
939	https://http2.mlstatic.com/D_Q_NP_2X_966325-MLC88702851683_072025-E.webp
1067	https://http2.mlstatic.com/D_Q_NP_2X_684494-MLC108116521531_032026-E.webp
1068	https://http2.mlstatic.com/D_Q_NP_2X_684494-MLC108116521531_032026-E.webp
1069	https://http2.mlstatic.com/D_Q_NP_2X_684494-MLC108116521531_032026-E.webp
1070	https://http2.mlstatic.com/D_Q_NP_2X_873437-MLC92195697778_092025-E.webp
1071	https://http2.mlstatic.com/D_Q_NP_2X_873437-MLC92195697778_092025-E.webp
1072	https://http2.mlstatic.com/D_Q_NP_2X_873437-MLC92195697778_092025-E.webp
1073	https://http2.mlstatic.com/D_Q_NP_2X_873437-MLC92195697778_092025-E.webp
1074	https://http2.mlstatic.com/D_Q_NP_2X_644520-MLC79646924468_102024-E.webp
1075	https://http2.mlstatic.com/D_Q_NP_2X_799718-MLA108125280857_032026-E.webp
