1576	Tuberia Sanitaria Gris 75mm x 1 MT
2286	Tuberia Sanitaria Gris 75mm x 1 MT
1590	Unión Americana PPR So 20
2305	Valvula Manilla Roja PPR 20mm
1594	Valvula Manilla Roja PPR 20mm
1595	Valvula Manilla Roja PPR 25mm
1596	Vee Sanitaria 110x50mm
1597	Vee Sanitaria Gris 110x110mm
1598	Vee Sanitaria Gris 110x40mm
1599	Vee Sanitaria Gris 110x75mm
1600	Vee Sanitaria Gris 40x40mm
1601	Vee Sanitaria Gris 50x50mm
1602	Vee Sanitaria Gris 75x40mm
1603	Vee Sanitaria Gris 75x50mm
1604	Vee Sanitaria Gris 75x75mm
