1464	Tor Aut.perfil Pb Zincado 12x2 100un
2175	Tor Aut.perfil Pb Zincado 12x2.1/2" 100un
1465	Tor Aut.perfil Pb Zincado 12x2.1/2" 100un
2176	Tor Aut.perfil Pb Zincado 12x3/4 100un
1466	Tor Aut.perfil Pb Zincado 12x3/4 100un
1467	Tor Aut.perfil Pf Zincado 10x1,1/2 100un
2177	Tor Aut.perfil Pf Zincado 10x1,1/2 100un
2178	Tor Aut.perfil Pf Zincado 10x2.1/2 100un
1468	Tor Aut.perfil Pf Zincado 10x2.1/2 100un
1469	Tor Aut.perfil Pf Zincado 10x3/4 100un
2179	Tor Aut.perfil Pf Zincado 10x3/4 100un
2180	Tor. Drywall Crs Zincado 8x2 1/2 100un
1470	Tor. Drywall Crs Zincado 8x2 1/2 100un
1471	Tor. Drywall Crsmzn 8x3 100un
2181	Tor. Drywall Crsmzn 8x3 100un
1472	Torn Pb con Lent Zincado 8x3/4 100un
2182	Torn Pb con Lent Zincado 8x3/4 100un
1473	Torn Pb con Lenteja Zincado 8x1 1/4 100un
2183	Torn Pb con Lenteja Zincado 8x1 1/4 100un
2184	Torn Pb con Lenteja Zincado 8x1 5/8 100un
1474	Torn Pb con Lenteja Zincado 8x1 5/8 100un
2185	Torn Pb con Lenteja Zincado 8x1" 100un
1475	Torn Pb con Lenteja Zincado 8x1" 100un
1476	Torn Pf con Lenteja Zincado 8x1 1/4 100un
2186	Torn Pf con Lenteja Zincado 8x1 1/4 100un
1477	Torn Pf con Lenteja Zincado 8x1" 100un
2187	Torn Pf con Lenteja Zincado 8x1" 100un
1478	Torn Pf con Lenteja Zincado 8x1/2" 100un
2188	Torn Pf con Lenteja Zincado 8x1/2" 100un
2189	Torn Pf con Lenteja Zincado 8x3/4" 100un
1479	Torn Pf con Lenteja Zincado 8x3/4" 100un
1480	Torn VOLCANITA Pb 6x1.1/4" 100un
2190	Torn VOLCANITA Pb 6x1.1/4" 100un
2191	Torn VOLCANITA Pb 6x1.5/8" 100un
1481	Torn VOLCANITA Pb 6x1.5/8" 100un
1482	Torn VOLCANITA Pb 6x2" 100un
2192	Torn VOLCANITA Pb 6x2" 100un
2193	Torn VOLCANITA Pb 6x2" 100un
1483	Torn VOLCANITA Pb 6x2" 100un
2194	Torn VOLCANITA Pb Zincado 6 x 3 x 100un
