2237	Tub Rect Neg 25 x 15 X1.5 MM
1528	Tub Rect Neg 30 x 20 X1.5 MM
2238	Tub Rect Neg 30 x 20 X1.5 MM
2239	Tub Rect Neg 30 x 20 X2.0 MM
1529	Tub Rect Neg 30 x 20 X2.0 MM
1530	Tub Rect Neg 40 x 20 X1.5 MM
2240	Tub Rect Neg 40 x 20 X1.5 MM
2241	Tub Rect Neg 40 x 20 X2.0 MM
1531	Tub Rect Neg 40 x 20 X2.0 MM
2242	Tub Rect Neg 40 x 30 X1.5 MM
1532	Tub Rect Neg 40 x 30 X1.5 MM
1533	Tub Rect Neg 40 x 30 X2.0 MM
2243	Tub Rect Neg 40 x 30 X2.0 MM
1534	Tub Rect Neg 50 x 20 X1.5 MM
2244	Tub Rect Neg 50 x 20 X1.5 MM
1535	Tub Rect Neg 50 x 20 X2.0 MM
2245	Tub Rect Neg 50 x 20 X2.0 MM
1536	Tub Rect Neg 50 x 30 X1.5 MM
2246	Tub Rect Neg 50 x 30 X1.5 MM
2247	Tub Rect Neg 50 x 30 X2.0 MM
1537	Tub Rect Neg 50 x 30 X2.0 MM
1538	Tub Rect Neg 50 x 30 X3.0 MM
2248	Tub Rect Neg 50 x 30 X3.0 MM
1539	Tub Rect Neg 60 x 40 X1,5 MM
2249	Tub Rect Neg 60 x 40 X1,5 MM
2250	Tub Rect Neg 60 x 40 X2.0 MM
1540	Tub Rect Neg 60 x 40 X2.0 MM
1541	Tub Rect Neg 60 x 40 X3.0 MM
2251	Tub Rect Neg 60 x 40 X3.0 MM
1542	Tub Rect Neg 70 x 30 X1,5 MM
2252	Tub Rect Neg 70 x 30 X1,5 MM
2253	Tub Rect Neg 70 x 30 X2,0 MM
1543	Tub Rect Neg 70 x 30 X2,0 MM
1544	Tub Rect Neg 80 x 40 X2.0 MM
2254	Tub Rect Neg 80 x 40 X2.0 MM
2255	Tub Rect Neg 80 x 40 X3.0 MM
1545	Tub Rect Neg 80 x 40 X3.0 MM
1552	Tub Red Neg 1 1/2 x 1,5 MM
2262	Tub Red Neg 1 1/2 x 1,5 MM
1553	Tub Red Neg 1 1/2 x 2.0 MM
