848	Lija Fierro Grano 60
849	Lija Fierro Grano 80
851	Lija Madera Grano 100 A-257
852	Lija Madera Grano 120 A-257
853	Lija Madera Grano 150
854	Lija Madera Grano 180
855	Lija Madera Grano 220
856	Lija Madera Grano 40
859	Lija Madera Grano 50
857	Lija Madera Grano 60
858	Lija Madera Grano 80 A-257
968	Oleo Galon Azul Pac.bte Praga
969	Oleo Galon Blanco Bte Praga
970	Oleo Galon Calipso Bte Praga
971	Oleo Galon Celeste Bte Praga
972	Oleo Galon Ladrillo Bte Praga
973	Oleo Galon Marfil Bte Praga
974	Oleo Galon Negro Bte Praga
1016	Pasta Muro 1kg
1850	Pasta Muro Exterior 1kg.
1017	Pasta Muro Galon 6kg
1018	Pasta Muro Tineta 25 KG
1019	Pasta Pulir Seal Pote 300 Gr.
1023	Pasta VOLCANITA 1.6 Kilo
1097	Pinta Cal Bolsa 1kg
1098	Pintura Bolsa Zapallo
1094	Pintura para Techo Galon Negro
1095	Pintura para Techo Galon Rojo Praga
1096	Pintura para Techo Galon Verde Praga
1216	Rod. Corta Gota 18 Cm Nexxo
1217	Rod. Sintetico Corta Gota 12 Cm Seal
1218	Rodillo Chiporro Natural 18cm
1920	Rodillo Cortagota 18cm (15mm) Hela
1219	Rodillo de Panal de 7
1220	Rodillo Esponja 18 Cm
1221	Rodillo Esponja 5cm
1222	Rodillo Espuma 15cm TIGRE
1223	Rodillo Espuma 4cm TIGRE
1224	Rodillo Espuma 9cm TIGRE
1927	Rodillo Espuma Poli Ester 11 Cm (110mm) Hela
