284	Buzo Coverall Blanco Talla L
285	Buzo Coverall Blanco Talla M
286	Buzo Coverall Ultra Light Blanco Talla XL
287	Buzo Coverqall Ultra Light Blanco Talla M
288	Buzo Desechable Blanco Talla XXL
370	Casco con Arnes Plastico Amarillo
368	Casco con Arnes Plastico Amarillo
369	Casco con Arnes Plastico Blanco
371	Casco con Arnes Plastico Gris
372	Casco con Arnes Plastico Naranjo
373	Casco con Arnes Rojo
374	Casquete con Visor
398	Chaleco Geologo Azul Talla L
399	Chaleco Geologo Azul Talla M
1754	Chaleco Geologo Azul Talla M
400	Chaleco Geologo Azul Talla XL
401	Chaleco Geologo Naranjo Talla L
1755	Chaleco Geologo Naranjo Talla M
402	Chaleco Geologo Naranjo Talla M
1756	Chaleco Geologo Naranjo Talla XL
403	Chaleco Geologo Naranjo Talla XL
404	Chaleco Geologo Naranjo Talla XXL
405	Chaleco Geologo Rojo Talla L
406	Chaleco Geologo Rojo Talla M
407	Chaleco Geologo Rojo Talla S
1757	Chaleco Geologo Rojo Talla XL
408	Chaleco Geologo Rojo Talla XL
409	Chaleco Geologo Rojo Talla XXL
422	Cinta Antideslizante 5 Mts Negra (Keaton)
429	Cinta Peligro Rollo
430	Cinta Roja
511	Corta Humo Senfineco
665	Faja Limbar Bufalo Talla XL
666	Faja Lumbar Talla L
741	Guante Algodon Blanco
742	Guante Amarillo Anticorte
743	Guante Cabretilla sin F
744	Guante Goma Latex Albañil Negro T/9
745	Guante Heavy Duty Nitrile Pt L300 T/9
746	Guante Multiprotec Flex Azul T/9
747	Guante Multiprotec Flex Gris T/9
748	Guante Multiprotec Flex L-1000 T/10
749	Guante Multiprotec Flex Naranjo T/8
750	Guante Multiprotec Flex Naranjo T/9
751	Guante Multiprotec Flex Negro T/10
752	Guante Multiprotec Flex Negro T/7
753	Guante Multiprotec Impacto L-9100 T/10
754	Guante Multiprotec-flex Azul T/8
755	Guante Multiprotec-impacto L-9100 T/9
756	Guante Parrillero 30cm Resistente Al Calor Grillte
757	Guante Soldador Rojo 14" Ferrawyy
811	Kit Lente Standard Ambar con Cordon
809	Kit Soldador Cuero Talla L
810	Kit Soldador Cuero Talla Xl
834	Lente Daumer L 600 Amarillo
835	Lente Seguridad Ambar
836	Lente Seguridad Gris
837	Lente Seguridad Transparente
946	Mascara de Soldar Fotosensible Aguila Star
947	Mascara de Soldar Fotosensible Terminator
948	Mascara Soldar Negra
978	Overol Piloto Cinta Azul T/l
979	Overol Piloto Cinta Azul T/m
980	Overol Piloto Cinta Azul T/s
981	Overol Talla S
1013	Pantalon Cargo Azul T/m
1014	Pantalon Cargo Azul T/xl
1136	Polaina Descarne
1137	Polaina Soldador Descarne con Hilo Kevlar
1176	Protector de Oido Tipo Cintillo Imp
1213	Repuesto Interior Mascara Fotosensible 10x4,7cm
1214	Respirador (Doble Repuesto)
1262	Seguro Cadena para Puerta
1386	Tapon Daumer Oido Silicona con Cordon Cajita Plast
1388	Tapon Reductor Ruido Silic con Cord
1605	Vidrio Claro
1606	Vidrio Negro #10
1607	Vidrio Negro #11
1608	Vidrio Nº 12
