788	Internit 4mm 1.20x2.40
789	Internit 5mm 1.20x2.40
790	Internit 6mm 1.20x2.40
904	Lp OSB Pais 9.5mm 122x244mts
975	OSB 11mm 122x244 Ultu Casa
976	OSB 1220 x 2440 x 11.1 Lp
977	OSB 9mm 122x244 Ultu Casa
1293	Siding Natural 19x366x6mm
1371	Tab. OSB Home2 9,5x2,44x1,22 Mts
2132	Terciado Estructural 12mm
1423	Terciado Estructural 12mm
2133	Terciado Estructural 15mm
1424	Terciado Estructural 15mm
2134	Terciado Estructural 18mm
1425	Terciado Estructural 18mm
2135	Terciado Estructural 9mm
1426	Terciado Estructural 9mm
1427	Terciado Ranurado Colonial 9x1220x2440
2324	VOLCANITA ST BR 10mm x 1.20x2.40
1613	VOLCANITA ST BR 10mm x 1.20x2.40
