12	Abrazadera 1/2 2un Keaton
13	Abrazadera Chapa en U 1,1/2x1,5mm
1632	Abrazadera Chapa en U 1,1/4x1,5mm
14	Abrazadera Chapa en U 1,1/4x1,5mm
15	Abrazadera Chapa en U 2,1/2x1,5mm
16	Abrazadera Chapa en U Zincado 1x1,5mm
1629	Abrazadera Cremallera 3/4
3	Abrazadera Cremallera 3/4
17	Abrazadera de Cable -d 1/4-6,5
1633	Abrazadera de Cable -d 1/8-3.0
18	Abrazadera de Cable -d 1/8-3.0
19	Abrazadera de Cable -d 3/8-10,0
20	Abrazadera de Cable -d 5/16-8,0
21	Abrazadera de Cable D- 1/2-13,0
22	Abrazadera de Cable- D 3/16-5.0
1630	Abrazadera de Fijacion Tubo con Correa-negra B15mm-d25mm
6	Abrazadera de Fijacion Tubo con Correa-negra B15mm-d25mm
4	Abrazadera de Fijacion Tubos con Correa- con Goma 24x8,5x15mm
1634	Abrazadera de Fijacion Tubos con Correas B15mm-d10mm
23	Abrazadera de Fijacion Tubos con Correas B15mm-d10mm
24	Abrazadera de Fijacion Tubos con Correas B15mm-d14mm
1635	Abrazadera de Fijacion Tubos con Correas B15mm-d14mm
25	Abrazadera de Fijacion Tubos con Correas B15mm-d16mm
26	Abrazadera de Fijacion Tubos con Correas B15mm-d18mm
27	Abrazadera de Fijacion Tubos con Correas B20mm-d15mm
29	Abrazadera Electrica 16mm Naranja
28	Abrazadera Electrica 20mm Naranja
1636	Abrazadera Manguera Zincada 9mm 10x16
30	Abrazadera Manguera Zincada 9mm 10x16
31	Abrazadera Manguera Zincada 9mm 12x22
32	Abrazadera Manguera Zincada 9mm 16x27
33	Abrazadera Manguera Zincada 9mm 20x32
34	Abrazadera Manguera Zincada 9mm 25x40
1637	Abrazadera Manguera Zincada 9mm 25x40
11	Abrazadera Manguera Zincada 9mm 30x45
35	Abrazadera Manguera Zincada 9mm 32x50
36	Abrazadera Manguera Zincada 9mm 40x60
37	Abrazadera Manguera Zincada 9mm 60x80
1638	Abrazadera Manguera Zincada 9mm 60x80
38	Abrazadera Manguera Zincada 9mm 80x100
39	Abrazadera Manguera Zincada 9mm 8x12
40	Abrazadera Metal Zincado 16mm
41	Abrazadera Metal Zincado 20mm
1639	Abrazadera Metal Zincado 20mm
42	Abrazadera Piola 10mm
43	Abrazadera Piola 14mm
1640	Abrazadera Piola 14mm
46	Abrazadera Tipo Varilla en U Zincado M10x4in
51	Abrazadera Tipo Varilla en U Zincado M6x1/2in
47	Abrazadera Tipo Varilla en U Zincado M6x1in
52	Abrazadera Tipo Varilla en U Zincado M6x3/4in
1643	Abrazadera Tipo Varilla en U Zincado M6x3/4in
1642	Abrazadera Tipo Varilla en U Zincado M8x1,1/2in
48	Abrazadera Tipo Varilla en U Zincado M8x1,1/2in
49	Abrazadera Tipo Varilla en U Zincado M8x2in
50	Abrazadera Tipo Varilla en U Zincado M8x3in
5	Abrazadera Titan 1/2"// 50bls
53	Abrazadera Titan 3/8
92	Amarra Cable 10cm Negro
93	Amarra Cable 15cm Negro
94	Amarra Cable 20cm Negro
1656	Amarra Cable 20cm Negro
95	Amarra Cable 25cm Negro
96	Amarra Cable/10cm Bolsa 100un Mec
97	Amarra Plastica 4.8 x 300
98	Amarra Plastica 4.8x350
1658	Amarra Plastica 4.8x400
99	Amarra Plastica 4.8x400
100	Amarra Plastica 7.2x500b
161	Autoperforante Perfil Punta Espada 1 1/2 Pulgadas
162	Autoperforante Perfil Punta Espada 1 Pulgadas
163	Autoperforante Perfil Punta Espada 2 1/2 Pulgadas
1675	Autoperforante Perfil Punta Espada 2 1/2 Pulgadas
164	Autoperforante Perfil Punta Espada 2 Pulgadas
1676	Autoperforante Perfil Punta Espada 2 Pulgadas
165	Autoperforante Perfil Punta Espada 3 Pulgadas
1674	Autoperforante Perfil Punta Pb 3 Pulgadas
160	Autoperforante Perfil Punta Pb 3 Pulgadas
190	Bisagra 3x3 Kit Ferromat
1685	Bisagra L36 31/2 Lioi Acero Latonado con T Doble Pivote 3u
191	Bisagra L36 31/2 Lioi Acero Latonado con T Doble Pivote 3u
192	Bisagra L38 2" Lioi Acero Zincado con T Doble Pivote 2u
193	Bisagra L38 21/2 Acero Zincado con T Doble Pivote 2u
194	Bisagra L38 31/2" Lioi Acero Zincado con T Doble Pivote 2un
1686	Bisagra L38 31/2" Lioi Acero Zincado con T Doble Pivote 2un
195	Bisagra L38 4" Acero Zincado con T Doble Pivote 2 U
196	Bisagra L38 Lioi 11/2 Acero Zincado con T Doble Pivote 2u
197	Bisagra L84 3x3 Acero Zincado con T Doble Pivote 2u
198	Bisagra L86 3x3 Lioi Acero Latonado con T Blanco 3un
1687	Bisagra L86 3x3 Lioi Acero Latonado con T Blanco 3un
204	Broca 10mm Wurth
205	Broca 12mm Wurth
1690	Broca 12mm Wurth
206	Broca 3 Puntas para Madera W Max 11.0mm
207	Broca 3 Puntas para Madera W Max 12.0mm
1691	Broca 3 Puntas para Madera W Max 12.0mm
208	Broca 3 Puntas para Madera W Max 3.0mm
1692	Broca 3 Puntas para Madera W Max 3.0mm
209	Broca 3 Puntas para Madera W Max 6.0mm
210	Broca 3 Puntas para Madera W Max 7.0mm
211	Broca 3 Puntas para Madera W Max 9.0mm
212	Broca 3 Puntas para Madera W Max4.0mm
213	Broca Acero 1.5 MM
214	Broca Acero 13mm Wurth
215	Broca Acero 14mm Wurth
1693	Broca Acero 15mm Wurth
203	Broca Acero 15mm Wurth
216	Broca Acero 15mm Wurth
217	Broca Acero 2.0mm Wurth
218	Broca Acero 2.5mm Wurth
1694	Broca Acero 2.5mm Wurth
219	Broca Acero 3.0mm Wurth
220	Broca Acero 3.5mm Wurth
1695	Broca Acero 3.5mm Wurth
221	Broca Acero 4.0mm Wurth
222	Broca Acero 4.5mm Wurth
223	Broca Acero 5.5mm Wurth
1696	Broca Acero 5.5mm Wurth
224	Broca Acero 5mm Wurth
225	Broca Acero 6.0mm Wurth
226	Broca Acero 6.5mm Wurth
1697	Broca Acero 7.0mm Wurth
227	Broca Acero 7.0mm Wurth
228	Broca Acero 7.5mm Wurth
229	Broca Acero 8.0mm Wurth
230	Broca Acero 8.5mm Wurth
231	Broca Acero 9.0mm Wurth
232	Broca Acero Hss 20.0 MM
233	Broca Cemento 12 MM UYUS
234	Broca Concreto 10mm Keaton
1700	Broca Concreto 12mm
235	Broca Concreto 12mm
236	Broca Concreto 4mm
237	Broca Concreto 6mm
238	Broca Concreto 8mm
239	Broca Hormigon 5x85mm (Mecha) Wurth
240	Broca Hormigon Cilindrica D8 L 150mm Wurth
241	Broca Hss 4mm
242	Broca Hss 5mm
243	Broca Metal 11mm
244	Broca Paleta 1 1/2 UYUS
245	Broca Paleta 1 1/4 UYUS
247	Broca Paleta 1.1/2
1704	Broca Paleta 1.1/2
248	Broca Paleta 1.1/4
246	Broca Paleta 1" UYUS
249	Broca Paleta 1/2
250	Broca Paleta 3/4
251	Broca Paleta 3/4 Truper
1705	Broca Paleta 3/4 Truper
252	Broca Paleta 3/8
253	Broca Paleta 3/8 UYUS
254	Broca Paleta 5/16 Truper
255	Broca Paleta 5/8
256	Broca Paleta 5/8 Truper
257	Broca Paleta 5/8 UYUS
258	Broca Paleta 7/8 UYUS
259	Broca Percucion 10mm
1707	Broca Percucion 3mm
260	Broca Percucion 3mm
261	Broca Percucion 4mm
262	Broca Percucion 5mm
263	Broca SDS Km 1/2x210 MM
264	Broca SDS Km 1/4x210mm
1709	Broca SDS Km 3/8x210mm
265	Broca SDS Km 3/8x210mm
301	Cadena Eslabon Corto 5mmx61
302	Cadena Eslabon Corto 6mmx61
1720	Cadena Eslabon Corto 6mmx61
303	Cadena Eslabon Larga 5mm (3/16)
304	Cadena Eslaboncorto 8mmx30
305	Cadena Galvanizada 3mm Eslabon Corto y Largo
1722	Cadena Galvanizada 3mm Eslabon Corto y Largo
306	Cadena Galvanizada 4mm
340	Cancamo Abierto #1
341	Cancamo Abierto #5
342	Cancamo Abierto N 0
343	Cancamo Abierto N 1
344	Cancamo Abierto N 3
1734	Cancamo Abierto N 3
345	Cancamo Abierto N 5
346	Cancamo Abierto N 7
347	Cancamo Abierto N 9
348	Cancamo Cerrado N 0
349	Cancamo Cerrado N 0.0
350	Cancamo Cerrado N 1
351	Cancamo Cerrado N 3
1736	Cancamo Cerrado N 3
352	Cancamo Cerrado N 5
353	Cancamo Cerrado N 7
354	Cancamo Cerrado N 9
1770	Clavo a Polvora 1.5" (Sds) Molina
448	Clavo a Polvora 1.5" (Sds) Molina
1769	Clavo a Polvora 1" (Sds) Molina
447	Clavo a Polvora 1" (Sds) Molina
450	Clavo a Polvora 2.5" (Sds) Molina
449	Clavo a Polvora 2" (Sds) Molina
451	Clavo a Polvora 3" (Sds) Molina
452	Clavo SDS 1
1771	Clavo SDS 1.5
453	Clavo SDS 1.5
454	Clavo SDS 2
455	Clavo SDS 2.5
1772	Clavo SDS 3
456	Clavo SDS 3
505	Cordel Perlon 10mm X1mts
1788	Cordel Perlon 12mm X1mts
506	Cordel Perlon 12mm X1mts
507	Cordel Perlon 6mm X1mts
508	Cordel Perlon 8 MM X1mts
525	Dado Magnetico 1/4
526	Dado Magnetico 5/16 x 5 UN
527	Dado para Taladro 13mm por Unidad
606	Engrapadora 1/4-5/16 Truper
607	Engrapadora Toro Negro
621	Escuadra Estante 4 x 5" Esmaltado Blanco
622	Escuadra Estante 6 x 8" Blanco
627	Escuadra Silla 1 1/2 " Lioi
628	Escuadra Silla 1" Lioi
629	Escuadra Silla 2 1/2" Lioi
630	Escuadra Silla 2" Lioi
631	Escuadra Silla 3 1/2" Lioi
632	Escuadra Silla 3" Lioi
633	Escuadra Silla 4" Lioi
634	Escuadra Tipo L 10un Keaton
676	Fijaciones Galvanizadas
677	Fijaciones Pintadas
712	Golilla 1/2
713	Golilla 1/2 Zincado
714	Golilla Corriente 1/4
715	Golilla Corriente 3/8
716	Golilla Corriente 5/16
717	Golilla Plana 1/4
718	Golilla Plana 5/8
719	Golilla Presion 1/4
725	Grapas 10mm Tolmat
726	Grapas 8mm Tolmat
727	Grasa Blanca W-max 300ml
762	Hexagonal Punta Espada 1
763	Hexagonal Punta Espada 3.1/2
764	Hexagonal Punta Espada 4. 1/2
951	Mosqueton 1/4 TRUPER
952	Mosqueton 3/16 TRUPER
953	Mosqueton 5/16 TRUPER
954	Mosqueton Ovalado con Rosca 3,5mm
955	Mosqueton Ovalado con Rosca 5mm
956	Mosqueton Ovalado con Rosca 7mm
1808	Oring 10,5x2,7
1809	Oring 10,78x2,62
1810	Oring 12,1x2,7
1811	Oring 12,37x2,62
1812	Oring 13,6x2,7
1813	Oring 13,95x2,62
1814	Oring 15,1x2,7
1815	Oring 15,54x2,62
1816	Oring 16,9x2,7
1817	Oring 17,13x2,62
1818	Oring 18,4x2,7
1819	Oring 18,72x2,62
1820	Oring 20,22x3,53
1821	Oring 23,40x3,53
1823	Oring 25,00x3,53
1825	Oring 26,57x3,53
1824	Oring 26,57x3,53
1826	Oring 28,17x3,53
1827	Oring 28,71x3,53
1828	Oring 29,75x3.53
1830	Oring 31,34x3,53
1829	Oring 31,34x3,53
1831	Oring 32,93x3,53
1833	Oring 34,52x3,53
1832	Oring 34,52x3,53
1835	Oring 36,10x3,53
1834	Oring 36,10x3,53
1836	Oring 37,47x5,34
1837	Oring 37,70x3,53
1838	Oring 4,2x1,9
1839	Oring 4,9x1,9
1840	Oring 40,65x5,34
1841	Oring 43,82x5,34
1842	Oring 5,28x1,78
1843	Oring 5,7x1,9
1844	Oring 6,07x1,78
1845	Oring 7,2x1,9
1846	Oring 7,66x1,78
1847	Oring 8,9x1,9
1848	Oring 8,9x2,7
1849	Oring 9,25x1,78
982	Ovillo Algodon T-50
983	Ovillo Plastico T-100
984	Ovillo Plastico T-800
985	P. Hex G2 Unc 1/2 13x2
986	P. Hex G2 Unc 1/2 13x3
987	P. Hex G2 Unc 1/2 13x4
988	P. Hex G2 Unc 1/4-20x1
989	P. Hex G2 Unc 1/4-20x2
990	P. Hex G2 Unc 1/4-20x3
991	P. Hex G2 Unc 1/4-20x4
992	P. Hex G2 Unc 3/8 16x1
993	P. Hex G2 Unc 3/8 16x2
994	P. Hex G2 Unc 5/16x18x3
995	P. Hex G2 Unc 5/16x18x4
996	P.hex G2 Unc 1/2 13/1
997	P.hex G2 Unc 3/8 16/3
998	P.hex G2 Unc 3/8 16/4
1043	Perno Ancl 5 1/6 x 4
1044	Perno Ancl 5 1/6x41/4
1045	Perno Anclaje 3/8x3
1046	Perno Anclaje 3/8x3 1/2
1047	Perno Anclaje 3/8x3 3/4
1048	Perno Anclaje 3/8x4
1049	Perno Anclaje 3/8x41/4
1050	Perno Anclaje 5/16x 2.3/4
1051	Perno Anclaje 5/16x2
1052	Perno Coche 1 /4x2 1/2
1053	Perno Coche 1/4 x 3 1/2 Pulgada
1054	Perno Coche 1/4x1
1055	Perno Coche 1/4x1 1/2
1056	Perno Coche 1/4x1 1/4 Pulgada
1057	Perno Coche 1/4x1 Pulgada
1058	Perno Coche 1/4x2
1059	Perno Coche 1/4x2. 1/2
1060	Perno Coche 1/4x3
1061	Perno Coche 5/16 x 1 1/4
1062	Perno Coche 5/16 x 3
1063	Perno Coche 5/16x1 1/2
1064	Perno Coche 5/16x2
1065	Perno Coche 5/16x2 1/2
1066	Perno Coche Negro 5/16x3
1178	Punta Corona 16 Tolmat
1879	Punta Corona 16 Tolmat
1179	Punta Corona 18 Tolmat
1880	Punta Corona 18 Tolmat
1881	Punta Corona 19
1180	Punta Corona 19
1181	Punta Corona 32 Tolmat
1882	Punta Corona 32 Tolmat
1182	Punta Corona 9 Tolmat
1883	Punta Corona 9 Tolmat
1884	Punta Hexagonal 1/4 65mm
1183	Punta Hexagonal 1/4 65mm
1885	Punta Hexagonal 3/8 65mm
1184	Punta Hexagonal 3/8 65mm
1886	Punta Hexagonal 5/16 65mm
1185	Punta Hexagonal 5/16 65mm
1887	Punta Ph2 Corta Tolmat
1186	Punta Ph2 Corta Tolmat
1888	Puntas Phillips Destornil 10un (Keaton)
1187	Puntas Phillips Destornil 10un (Keaton)
1889	Puntilla con Tope Doble con Iman 65mm
1188	Puntilla con Tope Doble con Iman 65mm
1189	Puntilla Corta Ph2
1890	Puntilla Corta Ph2
1901	Remachadora 10.5 (Roy)
1200	Remachadora 10.5 (Roy)
1199	Remachadora 10" Tolmat
1900	Remachadora 10" Tolmat
1201	Remachadora 9.5 (Roy)
1902	Remachadora 9.5 (Roy)
1202	Remachadora Uyustool
1903	Remachadora Uyustool
1203	Remache 4.0x14
1904	Remache 4.0x14
1204	Remache 4.0x15
1905	Remache 4.0x15
1205	Remache 4.0x19
1907	Remache 4.0x22mm
1206	Remache 4.0x22mm
1207	Remache 4.8x20mm
1908	Remache 4.8x20mm
1208	Remache 4.8x25
1909	Remache 4.8x25
1209	Remache 4x8
1210	Remaches 4.8x21mm
1911	Remaches 4.8x21mm
1954	Rueda Porton con Perno 3 1/2 Und.
1273	Set 3 Broca Conica Escalonada 4-32
1979	Set 3 Broca Conica Escalonada 4-32
1275	Set Anclaje W.c. Taumm
1982	Set Anclaje W.c. Taumm
1277	Set Broca Escalona 3pcs Uyu
1984	Set Broca Escalona 3pcs Uyu
1278	Set Broca Madera 300mm
1985	Set Broca Madera 300mm
2098	Tar.clav.nyl. 6.0x35
1389	Tar.clav.nyl. 6.0x35
2099	Tar.clav.nyl. 6.0x60
1390	Tar.clav.nyl. 6.0x60
2100	Tar.clav.nyl. 6.0x80
1391	Tar.clav.nyl. 6.0x80
1392	Tar.clav.nyl. 8.0x100
2101	Tar.clav.nyl. 8.0x100
2102	Tar.clav.nyl. 8.0x120
1393	Tar.clav.nyl. 8.0x120
1394	Tar.clav.nyl. 8.0x140
2103	Tar.clav.nyl. 8.0x140
1395	Tar.clav.nyl. 8.0x60
2104	Tar.clav.nyl. 8.0x60
2105	Tar.clav.nyl. 8.0x80
1396	Tar.clav.nyl. 8.0x80
1397	Tarraja 8 Pzs Hembra UYUS
2106	Tarraja 8 Pzs Hembra UYUS
1398	Tarugo Broca VOLCANITA x Unidad
2107	Tarugo Broca VOLCANITA x Unidad
1399	Tarugo Clavo 6 x 40mm
2108	Tarugo Clavo 6 x 40mm
1400	Tarugo Clavo 8x80mm
2109	Tarugo Clavo 8x80mm
2110	Tarugo de 10mm
1401	Tarugo de 10mm
1402	Tarugo de 6mm Unidad
1403	Tarugo de 8mm Unidad
1404	Tarugo Nylon N# 10 Bolsa 500 UN
2113	Tarugo Nylon N# 10 Bolsa 500 UN
2155	Tirafondo 1/4 x 1 1/2
1446	Tirafondo 1/4 x 1 1/2
1447	Tirafondo 1/4 x 2
2156	Tirafondo 1/4 x 2
1448	Tirafondo 1/4 x 2 1/2
2157	Tirafondo 1/4 x 2 1/2
1449	Tirafondo 1/4 x 3
2158	Tirafondo 1/4 x 3
1450	Tirafondo 1/4 x 3 1/2
1451	Tirafondo 1/4 x 4
2160	Tirafondo 1/4 x 4
2161	Tirafondo 5/16 x 2
1452	Tirafondo 5/16 x 2
2162	Tirafondo 5/16 x 2 1/2
1453	Tirafondo 5/16 x 2 1/2
2163	Tirafondo 5/16 x 3
1454	Tirafondo 5/16 x 3
1455	Tirafondo 5/16 x 4
2164	Tirafondo 5/16 x 4
2171	Tor Aut.perfil Pb Zincado 1.1/4 100un
1461	Tor Aut.perfil Pb Zincado 1.1/4 100un
1463	Tor Aut.perfil Pb Zincado 12x1.1/2 100un
2173	Tor Aut.perfil Pb Zincado 12x1.1/2 100un
2172	Tor Aut.perfil Pb Zincado 12x1" 100un
1462	Tor Aut.perfil Pb Zincado 12x1" 100un
2174	Tor Aut.perfil Pb Zincado 12x2 100un
1464	Tor Aut.perfil Pb Zincado 12x2 100un
2175	Tor Aut.perfil Pb Zincado 12x2.1/2" 100un
1465	Tor Aut.perfil Pb Zincado 12x2.1/2" 100un
2176	Tor Aut.perfil Pb Zincado 12x3/4 100un
1466	Tor Aut.perfil Pb Zincado 12x3/4 100un
1467	Tor Aut.perfil Pf Zincado 10x1,1/2 100un
2177	Tor Aut.perfil Pf Zincado 10x1,1/2 100un
2178	Tor Aut.perfil Pf Zincado 10x2.1/2 100un
1468	Tor Aut.perfil Pf Zincado 10x2.1/2 100un
1469	Tor Aut.perfil Pf Zincado 10x3/4 100un
2179	Tor Aut.perfil Pf Zincado 10x3/4 100un
2180	Tor. Drywall Crs Zincado 8x2 1/2 100un
1470	Tor. Drywall Crs Zincado 8x2 1/2 100un
1471	Tor. Drywall Crsmzn 8x3 100un
2181	Tor. Drywall Crsmzn 8x3 100un
1472	Torn Pb con Lent Zincado 8x3/4 100un
2182	Torn Pb con Lent Zincado 8x3/4 100un
1473	Torn Pb con Lenteja Zincado 8x1 1/4 100un
2183	Torn Pb con Lenteja Zincado 8x1 1/4 100un
2184	Torn Pb con Lenteja Zincado 8x1 5/8 100un
1474	Torn Pb con Lenteja Zincado 8x1 5/8 100un
2185	Torn Pb con Lenteja Zincado 8x1" 100un
1475	Torn Pb con Lenteja Zincado 8x1" 100un
1476	Torn Pf con Lenteja Zincado 8x1 1/4 100un
2186	Torn Pf con Lenteja Zincado 8x1 1/4 100un
1477	Torn Pf con Lenteja Zincado 8x1" 100un
2187	Torn Pf con Lenteja Zincado 8x1" 100un
1478	Torn Pf con Lenteja Zincado 8x1/2" 100un
2188	Torn Pf con Lenteja Zincado 8x1/2" 100un
2189	Torn Pf con Lenteja Zincado 8x3/4" 100un
1479	Torn Pf con Lenteja Zincado 8x3/4" 100un
1480	Torn VOLCANITA Pb 6x1.1/4" 100un
2190	Torn VOLCANITA Pb 6x1.1/4" 100un
2191	Torn VOLCANITA Pb 6x1.5/8" 100un
1481	Torn VOLCANITA Pb 6x1.5/8" 100un
1482	Torn VOLCANITA Pb 6x2" 100un
2192	Torn VOLCANITA Pb 6x2" 100un
2193	Torn VOLCANITA Pb 6x2" 100un
1483	Torn VOLCANITA Pb 6x2" 100un
2194	Torn VOLCANITA Pb Zincado 6 x 3 x 100un
1484	Torn VOLCANITA Pb Zincado 6 x 3 x 100un
1485	Torn VOLCANITA Pb Zincado 6x1" 100un
2195	Torn VOLCANITA Pb Zincado 6x1" 100un
1486	Torn VOLCANITA Zincado 6x1 1/4 100un
2196	Torn VOLCANITA Zincado 6x1 1/4 100un
1488	Torn VOLCANITA Zincado 6x1.5/8" 100un
2198	Torn VOLCANITA Zincado 6x1.5/8" 100un
2197	Torn VOLCANITA Zincado 6x1" 100un
1487	Torn VOLCANITA Zincado 6x1" 100un
1489	Torn VOLCANITA Zincado 6x2" 100un
2199	Torn VOLCANITA Zincado 6x2" 100un
2200	Torn VOLCANITA Zincado 6x3/4" 100un
1490	Torn VOLCANITA Zincado 6x3/4" 100un
2201	Tornillo Cabeza Lent.pb 1/2
1491	Tornillo Cabeza Lent.pb 1/2
2202	Tornillo Crs 1.5/8 (1000un)
1492	Tornillo Crs 1.5/8 (1000un)
2203	Tornillo Crs 3" (500un)
1493	Tornillo Crs 3" (500un)
1494	Tornillo Crs 8x3.1/2
2204	Tornillo Crs 8x3.1/2
2205	Tornillo Internit 6 x 1.1/4
1495	Tornillo Internit 6 x 1.1/4
2206	Tornillo Internit 6 x 1.5/8
1496	Tornillo Internit 6 x 1.5/8
1497	Tornillo VOLCANITA 8x4
2207	Tornillo VOLCANITA 8x4
2208	Tornillo Vulcanita para B 1.1/4" (1000un)
1498	Tornillo Vulcanita para B 1.1/4" (1000un)
1579	Tuerca 1/2
2289	Tuerca 1/2
1580	Tuerca 1/4 (Negra y Zinc)
1581	Tuerca 3/4
2291	Tuerca 3/4
1582	Tuerca 5/16 (Negra y Zinc)
2292	Tuerca 5/16 (Negra y Zinc)
1583	Tuerca 5/8
2293	Tuerca 5/8
2294	Tuerca Negra 1/4
2295	Tuerca Zinc 1/2-13
1584	Tuerca Zinc 1/2-13
1585	Tuerca Zinc 1/4-20
1586	Tuerca Zinc 5/1-18
2298	Union Americana 20mm
1587	Union Americana 20mm
2299	Union Americana 25mm
1588	Union Americana 25mm
2300	Union Americana 32mm
1589	Union Americana 32mm
