274	https://http2.mlstatic.com/D_Q_NP_2X_865307-MLA96843397707_102025-E.webp
275	https://http2.mlstatic.com/D_Q_NP_2X_986172-MLA95981464208_102025-E.webp
276	https://http2.mlstatic.com/D_Q_NP_2X_655197-MLA101388143688_122025-E.webp
277	https://http2.mlstatic.com/D_Q_NP_2X_655197-MLA101388143688_122025-E.webp
278	https://http2.mlstatic.com/D_Q_NP_2X_849450-MLA99600806872_122025-E.webp
279	https://http2.mlstatic.com/D_Q_NP_2X_849450-MLA99600806872_122025-E.webp
280	https://http2.mlstatic.com/D_Q_NP_2X_742014-MLA99144589909_112025-E.webp
1715	https://http2.mlstatic.com/D_Q_NP_2X_742014-MLA99144589909_112025-E.webp
281	https://http2.mlstatic.com/D_Q_NP_2X_787510-MLA99600331244_122025-E.webp
383	https://http2.mlstatic.com/D_Q_NP_2X_791844-MLC44180604713_112020-E.webp
384	https://http2.mlstatic.com/D_Q_NP_2X_732710-MLC52960086986_122022-E.webp
410	https://http2.mlstatic.com/D_Q_NP_2X_781480-MLC92296098986_092025-E.webp
411	https://http2.mlstatic.com/D_Q_NP_2X_781480-MLC92296098986_092025-E.webp
412	https://http2.mlstatic.com/D_Q_NP_2X_646646-MLC92703451009_092025-E.webp
416	https://http2.mlstatic.com/D_Q_NP_2X_960390-MLU70727281487_072023-E.webp
417	https://http2.mlstatic.com/D_Q_NP_2X_960390-MLU70727281487_072023-E.webp
426	https://http2.mlstatic.com/D_Q_NP_2X_960390-MLU70727281487_072023-E.webp
427	https://http2.mlstatic.com/D_Q_NP_2X_960390-MLU70727281487_072023-E.webp
428	https://http2.mlstatic.com/D_Q_NP_2X_960390-MLU70727281487_072023-E.webp
532	https://http2.mlstatic.com/D_Q_NP_2X_825069-MLA97338028891_112025-E.webp
542	https://http2.mlstatic.com/D_Q_NP_2X_704139-MLA100117847925_122025-E.webp
543	https://http2.mlstatic.com/D_Q_NP_2X_676866-MLC74100142241_012024-E.webp
544	https://http2.mlstatic.com/D_Q_NP_2X_704139-MLA100117847925_122025-E.webp
545	https://http2.mlstatic.com/D_Q_NP_2X_704139-MLA100117847925_122025-E.webp
546	https://http2.mlstatic.com/D_Q_NP_2X_807368-MLA100075656375_122025-E.webp
547	https://http2.mlstatic.com/D_Q_NP_2X_807368-MLA100075656375_122025-E.webp
548	https://http2.mlstatic.com/D_Q_NP_2X_718945-MLC98670646641_112025-E.webp
549	https://http2.mlstatic.com/D_Q_NP_2X_718945-MLC98670646641_112025-E.webp
550	https://http2.mlstatic.com/D_Q_NP_2X_714009-MLC73995532624_012024-E.webp
636	https://http2.mlstatic.com/D_Q_NP_2X_834670-MLA97578688555_112025-E.webp
637	https://http2.mlstatic.com/D_Q_NP_2X_834670-MLA97578688555_112025-E.webp
638	https://http2.mlstatic.com/D_Q_NP_2X_834670-MLA97578688555_112025-E.webp
639	https://http2.mlstatic.com/D_Q_NP_2X_798827-MLA100010541841_122025-E.webp
641	https://http2.mlstatic.com/D_Q_NP_2X_989649-MLC89949357853_082025-E.webp
642	https://http2.mlstatic.com/D_Q_NP_2X_636736-MLC109592265550_042026-E.webp
643	https://http2.mlstatic.com/D_Q_NP_2X_989649-MLC89949357853_082025-E.webp
644	https://http2.mlstatic.com/D_Q_NP_2X_989649-MLC89949357853_082025-E.webp
645	https://http2.mlstatic.com/D_Q_NP_2X_636736-MLC109592265550_042026-E.webp
646	https://http2.mlstatic.com/D_Q_NP_2X_636736-MLC109592265550_042026-E.webp
647	https://http2.mlstatic.com/D_Q_NP_2X_636736-MLC109592265550_042026-E.webp
