1646	https://http2.mlstatic.com/D_Q_NP_2X_980617-MLA99566835330_122025-E.webp
150	https://http2.mlstatic.com/D_Q_NP_2X_906203-MLA96104002349_102025-E.webp
782	https://http2.mlstatic.com/D_Q_NP_2X_996618-MLU73598020218_122023-E.webp
865	https://http2.mlstatic.com/D_Q_NP_2X_728425-MLA99843233275_112025-E.webp
1852	https://http2.mlstatic.com/D_Q_NP_2X_840048-MLC74151696804_012024-E.webp
1090	https://http2.mlstatic.com/D_Q_NP_2X_933311-MLA99608263608_122025-E.webp
1091	https://http2.mlstatic.com/D_Q_NP_2X_750971-MLC97349582539_112025-E.webp
1092	https://http2.mlstatic.com/D_Q_NP_2X_910853-MLC94681704928_102025-E.webp
1093	https://http2.mlstatic.com/D_Q_NP_2X_921125-MLA99509381504_112025-E.webp
1211	https://http2.mlstatic.com/D_Q_NP_2X_615548-MLA95403043790_102025-E.webp
