189	https://http2.mlstatic.com/D_Q_NP_2X_730897-MLA99990559221_112025-E.webp
1	https://http2.mlstatic.com/D_Q_NP_2X_667404-MLU70898426497_082023-E.webp
377	https://http2.mlstatic.com/D_Q_NP_2X_667404-MLU70898426497_082023-E.webp
378	https://http2.mlstatic.com/D_Q_NP_2X_652931-MLC74782628657_022024-E.webp
694	https://http2.mlstatic.com/D_Q_NP_2X_773670-MLC110694352604_052026-E.webp
695	https://http2.mlstatic.com/D_Q_NP_2X_905126-MLA99600637552_122025-E.webp
696	https://http2.mlstatic.com/D_Q_NP_2X_881643-MLA100080323363_122025-E.webp
697	https://http2.mlstatic.com/D_Q_NP_2X_903903-MLA99601872170_122025-E.webp
698	https://http2.mlstatic.com/D_Q_NP_2X_881766-MLA100082225977_122025-E.webp
699	https://http2.mlstatic.com/D_Q_NP_2X_766708-MLC103993838381_012026-E.webp
700	https://http2.mlstatic.com/D_Q_NP_2X_608283-MLA99591512748_122025-E.webp
1034	https://http2.mlstatic.com/D_Q_NP_2X_947340-MLA99425372624_112025-E.webp
1268	https://http2.mlstatic.com/D_Q_NP_2X_982472-MLC109676313174_042026-E.webp
1973	https://http2.mlstatic.com/D_Q_NP_2X_982472-MLC109676313174_042026-E.webp
1267	https://http2.mlstatic.com/D_Q_NP_2X_982472-MLC109676313174_042026-E.webp
1269	https://http2.mlstatic.com/D_Q_NP_2X_982472-MLC109676313174_042026-E.webp
1270	https://http2.mlstatic.com/D_Q_NP_2X_982472-MLC109676313174_042026-E.webp
1302	https://http2.mlstatic.com/D_Q_NP_2X_727047-MLC82473076673_022025-E.webp
1438	https://http2.mlstatic.com/D_Q_NP_2X_859680-MLC95224921319_102025-E.webp
1614	https://http2.mlstatic.com/D_Q_NP_2X_831560-MLA99954462675_112025-E.webp
1615	https://http2.mlstatic.com/D_Q_NP_2X_847851-MLA99595797402_122025-E.webp
1616	https://http2.mlstatic.com/D_Q_NP_2X_856548-MLA99578803652_122025-E.webp
1617	https://http2.mlstatic.com/D_Q_NP_2X_972832-MLC77038725618_062024-E.webp
