1305	https://http2.mlstatic.com/D_NQ_NP_2X_608781-MLA99522561270_122025-O.webp
1306	https://http2.mlstatic.com/D_NQ_NP_2X_608781-MLA99522561270_122025-O.webp
1307	https://http2.mlstatic.com/D_NQ_NP_2X_838815-MLA100063206935_122025-O.webp
1308	https://http2.mlstatic.com/D_NQ_NP_2X_831192-MLC109608567428_042026-O.webp
2016	https://http2.mlstatic.com/D_NQ_NP_2X_797343-MLC96572676108_112025-O.webp
1309	https://http2.mlstatic.com/D_NQ_NP_2X_797343-MLC96572676108_112025-O.webp
1310	https://http2.mlstatic.com/D_NQ_NP_2X_796705-MLA80634474885_112024-O.webp
2017	https://http2.mlstatic.com/D_NQ_NP_2X_796705-MLA80634474885_112024-O.webp
2018	https://http2.mlstatic.com/D_NQ_NP_2X_922504-MLA99412447178_112025-O.webp
1311	https://http2.mlstatic.com/D_NQ_NP_2X_922504-MLA99412447178_112025-O.webp
1312	https://http2.mlstatic.com/D_NQ_NP_2X_797343-MLC96572676108_112025-O.webp
1313	https://http2.mlstatic.com/D_NQ_NP_2X_945119-MLA100054724843_122025-O.webp
1314	https://http2.mlstatic.com/D_NQ_NP_2X_838815-MLA100063206935_122025-O.webp
2021	https://http2.mlstatic.com/D_NQ_NP_2X_959725-MLA99504085612_112025-O.webp
1315	https://http2.mlstatic.com/D_NQ_NP_2X_959725-MLA99504085612_112025-O.webp
1316	https://http2.mlstatic.com/D_NQ_NP_2X_888433-MLA96976272736_112025-O.webp
1317	https://http2.mlstatic.com/D_NQ_NP_2X_623883-MLC69423252761_052023-O.webp
2025	https://http2.mlstatic.com/D_NQ_NP_2X_804359-MLA110301642426_052026-O.webp
1318	https://http2.mlstatic.com/D_NQ_NP_2X_804359-MLA110301642426_052026-O.webp
1384	https://http2.mlstatic.com/D_NQ_NP_2X_804359-MLA110301642426_052026-O.webp
2094	https://http2.mlstatic.com/D_NQ_NP_2X_727729-MLC77170271379_062024-O.webp
1385	https://http2.mlstatic.com/D_NQ_NP_2X_727729-MLC77170271379_062024-O.webp
1500	https://http2.mlstatic.com/D_NQ_NP_2X_980689-MLA92321857278_092025-O.webp
1501	https://http2.mlstatic.com/D_NQ_NP_2X_980689-MLA92321857278_092025-O.webp
1502	https://http2.mlstatic.com/D_NQ_NP_2X_980689-MLA92321857278_092025-O.webp
1609	https://http2.mlstatic.com/D_NQ_NP_2X_906778-MLA99572362852_122025-O.webp
2321	https://http2.mlstatic.com/D_NQ_NP_2X_906778-MLA99572362852_122025-O.webp
1610	https://http2.mlstatic.com/D_NQ_NP_2X_906778-MLA99572362852_122025-O.webp
1611	https://http2.mlstatic.com/D_NQ_NP_2X_784811-MLA99522477702_122025-O.webp
2322	https://http2.mlstatic.com/D_NQ_NP_2X_784811-MLA99522477702_122025-O.webp
1612	https://http2.mlstatic.com/D_NQ_NP_2X_906778-MLA99572362852_122025-O.webp
2323	https://http2.mlstatic.com/D_NQ_NP_2X_906778-MLA99572362852_122025-O.webp
199	https://http2.mlstatic.com/D_NQ_NP_2X_964735-MLA81727598548_012025-O.webp
