875	https://http2.mlstatic.com/D_Q_NP_2X_807877-MLA93859796718_102025-E.webp
876	https://http2.mlstatic.com/D_Q_NP_2X_807877-MLA93859796718_102025-E.webp
874	https://http2.mlstatic.com/D_Q_NP_2X_642865-MLA100052367717_122025-E.webp
877	https://http2.mlstatic.com/D_Q_NP_2X_693967-MLA100007867811_122025-E.webp
878	https://http2.mlstatic.com/D_Q_NP_2X_966951-MLA99938111865_112025-E.webp
879	https://http2.mlstatic.com/D_Q_NP_2X_806310-MLA99441274028_112025-E.webp
880	https://http2.mlstatic.com/D_Q_NP_2X_969880-MLA100001242125_112025-E.webp
881	https://http2.mlstatic.com/D_Q_NP_2X_807877-MLA93859796718_102025-E.webp
882	https://http2.mlstatic.com/D_Q_NP_2X_685180-MLA99480447998_112025-E.webp
883	https://http2.mlstatic.com/D_Q_NP_2X_921872-MLA100120629419_122025-E.webp
884	https://http2.mlstatic.com/D_Q_NP_2X_996953-MLA99513672836_112025-E.webp
885	https://http2.mlstatic.com/D_Q_NP_2X_677975-MLA99937316039_112025-E.webp
886	https://http2.mlstatic.com/D_Q_NP_2X_802136-MLA99520035692_112025-E.webp
887	https://http2.mlstatic.com/D_Q_NP_2X_813425-MLA99622391386_122025-E.webp
888	https://http2.mlstatic.com/D_Q_NP_2X_754234-MLA99387221150_112025-E.webp
889	https://http2.mlstatic.com/D_Q_NP_2X_859629-MLA99383918430_112025-E.webp
890	https://http2.mlstatic.com/D_Q_NP_2X_660300-MLC106263548357_012026-E.webp
891	https://http2.mlstatic.com/D_Q_NP_2X_906920-MLA109762544681_032026-E.webp
892	https://http2.mlstatic.com/D_Q_NP_2X_625159-MLA96079807865_102025-E.webp
893	https://http2.mlstatic.com/D_Q_NP_2X_941572-MLA99504545984_112025-E.webp
894	https://http2.mlstatic.com/D_Q_NP_2X_899572-MLC93406576733_092025-E.webp
899	https://http2.mlstatic.com/D_Q_NP_2X_810786-MLA96064157060_102025-E.webp
900	https://http2.mlstatic.com/D_Q_NP_2X_734003-MLA95171189546_102025-E.webp
901	https://http2.mlstatic.com/D_Q_NP_2X_674291-MLC73215583553_122023-E.webp
902	https://http2.mlstatic.com/D_Q_NP_2X_660300-MLC106263548357_012026-E.webp
903	https://http2.mlstatic.com/D_Q_NP_2X_903780-MLA99362664752_112025-E.webp
926	https://http2.mlstatic.com/D_Q_NP_2X_723680-CBT108613061491_032026-E.webp
927	https://http2.mlstatic.com/D_Q_NP_2X_939601-MLA99644057850_122025-E.webp
941	https://http2.mlstatic.com/D_Q_NP_2X_666129-MLA100004873665_122025-E.webp
942	https://http2.mlstatic.com/D_Q_NP_2X_816019-MLA99941539849_112025-E.webp
943	https://http2.mlstatic.com/D_Q_NP_2X_792366-MLA99870230237_112025-E.webp
944	https://http2.mlstatic.com/D_Q_NP_2X_714526-MLA100073953415_122025-E.webp
945	https://http2.mlstatic.com/D_Q_NP_2X_712172-MLA100326532768_122025-E.webp
957	https://http2.mlstatic.com/D_Q_NP_2X_831312-MLC99729755401_112025-E.webp
958	https://http2.mlstatic.com/D_Q_NP_2X_936901-MLC99247142730_112025-E.webp
959	https://http2.mlstatic.com/D_Q_NP_2X_703404-MLC99729331837_112025-E.webp
962	https://http2.mlstatic.com/D_Q_NP_2X_926905-MLA100088117687_122025-E.webp
963	https://http2.mlstatic.com/D_Q_NP_2X_678996-MLA77703542504_072024-E.webp
964	https://http2.mlstatic.com/D_Q_NP_2X_836602-MLU74914792634_032024-E.webp
965	https://http2.mlstatic.com/D_Q_NP_2X_972038-MLA99465930332_112025-E.webp
