1058	https://http2.mlstatic.com/D_Q_NP_2X_629937-MLA96136067265_102025-E.webp
1059	https://http2.mlstatic.com/D_Q_NP_2X_629937-MLA96136067265_102025-E.webp
1060	https://http2.mlstatic.com/D_Q_NP_2X_629937-MLA96136067265_102025-E.webp
1061	https://http2.mlstatic.com/D_Q_NP_2X_629937-MLA96136067265_102025-E.webp
1062	https://http2.mlstatic.com/D_Q_NP_2X_629937-MLA96136067265_102025-E.webp
1063	https://http2.mlstatic.com/D_Q_NP_2X_629937-MLA96136067265_102025-E.webp
1064	https://http2.mlstatic.com/D_Q_NP_2X_629937-MLA96136067265_102025-E.webp
1065	https://http2.mlstatic.com/D_Q_NP_2X_629937-MLA96136067265_102025-E.webp
1066	https://http2.mlstatic.com/D_Q_NP_2X_629937-MLA96136067265_102025-E.webp
1178	https://http2.mlstatic.com/D_Q_NP_2X_614820-MLA99640408688_122025-E.webp
1879	https://http2.mlstatic.com/D_Q_NP_2X_614820-MLA99640408688_122025-E.webp
1179	https://http2.mlstatic.com/D_Q_NP_2X_614820-MLA99640408688_122025-E.webp
1880	https://http2.mlstatic.com/D_Q_NP_2X_614820-MLA99640408688_122025-E.webp
1881	https://http2.mlstatic.com/D_Q_NP_2X_614820-MLA99640408688_122025-E.webp
1180	https://http2.mlstatic.com/D_Q_NP_2X_614820-MLA99640408688_122025-E.webp
1181	https://http2.mlstatic.com/D_Q_NP_2X_614820-MLA99640408688_122025-E.webp
1882	https://http2.mlstatic.com/D_Q_NP_2X_614820-MLA99640408688_122025-E.webp
1182	https://http2.mlstatic.com/D_Q_NP_2X_614820-MLA99640408688_122025-E.webp
1883	https://http2.mlstatic.com/D_Q_NP_2X_614820-MLA99640408688_122025-E.webp
1884	https://http2.mlstatic.com/D_Q_NP_2X_614820-MLA99640408688_122025-E.webp
1183	https://http2.mlstatic.com/D_Q_NP_2X_614820-MLA99640408688_122025-E.webp
1885	https://http2.mlstatic.com/D_Q_NP_2X_614820-MLA99640408688_122025-E.webp
1184	https://http2.mlstatic.com/D_Q_NP_2X_614820-MLA99640408688_122025-E.webp
1886	https://http2.mlstatic.com/D_Q_NP_2X_614820-MLA99640408688_122025-E.webp
1185	https://http2.mlstatic.com/D_Q_NP_2X_614820-MLA99640408688_122025-E.webp
1887	https://http2.mlstatic.com/D_Q_NP_2X_635784-MLA99502975786_112025-E.webp
1186	https://http2.mlstatic.com/D_Q_NP_2X_635784-MLA99502975786_112025-E.webp
1888	https://http2.mlstatic.com/D_Q_NP_2X_714994-MLA99600306282_122025-E.webp
1187	https://http2.mlstatic.com/D_Q_NP_2X_714994-MLA99600306282_122025-E.webp
1889	https://http2.mlstatic.com/D_Q_NP_2X_775733-MLC93067902106_092025-E.webp
1188	https://http2.mlstatic.com/D_Q_NP_2X_775733-MLC93067902106_092025-E.webp
1189	https://http2.mlstatic.com/D_Q_NP_2X_775733-MLC93067902106_092025-E.webp
1890	https://http2.mlstatic.com/D_Q_NP_2X_775733-MLC93067902106_092025-E.webp
1901	https://http2.mlstatic.com/D_Q_NP_2X_679976-MLA98961962238_112025-E.webp
1200	https://http2.mlstatic.com/D_Q_NP_2X_679976-MLA98961962238_112025-E.webp
1199	https://http2.mlstatic.com/D_Q_NP_2X_679976-MLA98961962238_112025-E.webp
1900	https://http2.mlstatic.com/D_Q_NP_2X_679976-MLA98961962238_112025-E.webp
1201	https://http2.mlstatic.com/D_Q_NP_2X_679976-MLA98961962238_112025-E.webp
1902	https://http2.mlstatic.com/D_Q_NP_2X_679976-MLA98961962238_112025-E.webp
1202	https://http2.mlstatic.com/D_Q_NP_2X_679976-MLA98961962238_112025-E.webp
