1663	https://http2.mlstatic.com/D_Q_NP_2X_996985-MLC78967338100_092024-E.webp
119	https://http2.mlstatic.com/D_Q_NP_2X_996985-MLC78967338100_092024-E.webp
120	https://http2.mlstatic.com/D_Q_NP_2X_996985-MLC78967338100_092024-E.webp
121	https://http2.mlstatic.com/D_Q_NP_2X_996985-MLC78967338100_092024-E.webp
105	https://http2.mlstatic.com/D_Q_NP_2X_996985-MLC78967338100_092024-E.webp
106	https://http2.mlstatic.com/D_Q_NP_2X_996985-MLC78967338100_092024-E.webp
107	https://http2.mlstatic.com/D_Q_NP_2X_996985-MLC78967338100_092024-E.webp
1660	https://http2.mlstatic.com/D_Q_NP_2X_996985-MLC78967338100_092024-E.webp
108	https://http2.mlstatic.com/D_Q_NP_2X_996985-MLC78967338100_092024-E.webp
109	https://http2.mlstatic.com/D_Q_NP_2X_996985-MLC78967338100_092024-E.webp
110	https://http2.mlstatic.com/D_Q_NP_2X_996985-MLC78967338100_092024-E.webp
1661	https://http2.mlstatic.com/D_Q_NP_2X_996985-MLC78967338100_092024-E.webp
111	https://http2.mlstatic.com/D_Q_NP_2X_996985-MLC78967338100_092024-E.webp
112	https://http2.mlstatic.com/D_Q_NP_2X_996985-MLC78967338100_092024-E.webp
113	https://http2.mlstatic.com/D_Q_NP_2X_996985-MLC78967338100_092024-E.webp
1662	https://http2.mlstatic.com/D_Q_NP_2X_996985-MLC78967338100_092024-E.webp
114	https://http2.mlstatic.com/D_Q_NP_2X_996985-MLC78967338100_092024-E.webp
115	https://http2.mlstatic.com/D_Q_NP_2X_996985-MLC78967338100_092024-E.webp
116	https://http2.mlstatic.com/D_Q_NP_2X_996985-MLC78967338100_092024-E.webp
117	https://http2.mlstatic.com/D_Q_NP_2X_996985-MLC78967338100_092024-E.webp
118	https://http2.mlstatic.com/D_Q_NP_2X_996985-MLC78967338100_092024-E.webp
1667	https://http2.mlstatic.com/D_Q_NP_2X_790673-MLC76371002159_052024-E.webp
132	https://http2.mlstatic.com/D_Q_NP_2X_790673-MLC76371002159_052024-E.webp
317	https://http2.mlstatic.com/D_Q_NP_2X_736722-MLC80053839750_102024-E.webp
318	https://http2.mlstatic.com/D_Q_NP_2X_736722-MLC80053839750_102024-E.webp
324	https://http2.mlstatic.com/D_Q_NP_2X_736722-MLC80053839750_102024-E.webp
1729	https://http2.mlstatic.com/D_Q_NP_2X_736722-MLC80053839750_102024-E.webp
325	https://http2.mlstatic.com/D_Q_NP_2X_736722-MLC80053839750_102024-E.webp
326	https://http2.mlstatic.com/D_Q_NP_2X_736722-MLC80053839750_102024-E.webp
327	https://http2.mlstatic.com/D_Q_NP_2X_736722-MLC80053839750_102024-E.webp
328	https://http2.mlstatic.com/D_Q_NP_2X_736722-MLC80053839750_102024-E.webp
329	https://http2.mlstatic.com/D_Q_NP_2X_736722-MLC80053839750_102024-E.webp
330	https://http2.mlstatic.com/D_Q_NP_2X_736722-MLC80053839750_102024-E.webp
1730	https://http2.mlstatic.com/D_Q_NP_2X_736722-MLC80053839750_102024-E.webp
331	https://http2.mlstatic.com/D_Q_NP_2X_736722-MLC80053839750_102024-E.webp
332	https://http2.mlstatic.com/D_Q_NP_2X_736722-MLC80053839750_102024-E.webp
333	https://http2.mlstatic.com/D_Q_NP_2X_736722-MLC80053839750_102024-E.webp
1731	https://http2.mlstatic.com/D_Q_NP_2X_736722-MLC80053839750_102024-E.webp
334	https://http2.mlstatic.com/D_Q_NP_2X_736722-MLC80053839750_102024-E.webp
335	https://http2.mlstatic.com/D_Q_NP_2X_736722-MLC80053839750_102024-E.webp
