261	https://http2.mlstatic.com/D_Q_NP_2X_661649-MLC79749947073_102024-E.webp
262	https://http2.mlstatic.com/D_Q_NP_2X_661649-MLC79749947073_102024-E.webp
263	https://http2.mlstatic.com/D_Q_NP_2X_918506-MLA109039564615_032026-E.webp
264	https://http2.mlstatic.com/D_Q_NP_2X_918506-MLA109039564615_032026-E.webp
1709	https://http2.mlstatic.com/D_Q_NP_2X_918506-MLA109039564615_032026-E.webp
265	https://http2.mlstatic.com/D_Q_NP_2X_918506-MLA109039564615_032026-E.webp
301	https://http2.mlstatic.com/D_Q_NP_2X_953305-MLA100068389907_122025-E.webp
302	https://http2.mlstatic.com/D_Q_NP_2X_953305-MLA100068389907_122025-E.webp
1720	https://http2.mlstatic.com/D_Q_NP_2X_953305-MLA100068389907_122025-E.webp
303	https://http2.mlstatic.com/D_Q_NP_2X_953305-MLA100068389907_122025-E.webp
304	https://http2.mlstatic.com/D_Q_NP_2X_953305-MLA100068389907_122025-E.webp
305	https://http2.mlstatic.com/D_Q_NP_2X_953305-MLA100068389907_122025-E.webp
1722	https://http2.mlstatic.com/D_Q_NP_2X_953305-MLA100068389907_122025-E.webp
306	https://http2.mlstatic.com/D_Q_NP_2X_706069-MLU74192119141_012024-E.webp
340	https://http2.mlstatic.com/D_Q_NP_2X_770896-MLC81053334891_112024-E.webp
341	https://http2.mlstatic.com/D_Q_NP_2X_770896-MLC81053334891_112024-E.webp
342	https://http2.mlstatic.com/D_Q_NP_2X_770896-MLC81053334891_112024-E.webp
343	https://http2.mlstatic.com/D_Q_NP_2X_770896-MLC81053334891_112024-E.webp
344	https://http2.mlstatic.com/D_Q_NP_2X_770896-MLC81053334891_112024-E.webp
1734	https://http2.mlstatic.com/D_Q_NP_2X_770896-MLC81053334891_112024-E.webp
345	https://http2.mlstatic.com/D_Q_NP_2X_770896-MLC81053334891_112024-E.webp
346	https://http2.mlstatic.com/D_Q_NP_2X_770896-MLC81053334891_112024-E.webp
347	https://http2.mlstatic.com/D_Q_NP_2X_770896-MLC81053334891_112024-E.webp
348	https://http2.mlstatic.com/D_Q_NP_2X_858692-MLC81068050955_112024-E.webp
349	https://http2.mlstatic.com/D_Q_NP_2X_858692-MLC81068050955_112024-E.webp
350	https://http2.mlstatic.com/D_Q_NP_2X_858692-MLC81068050955_112024-E.webp
351	https://http2.mlstatic.com/D_Q_NP_2X_858692-MLC81068050955_112024-E.webp
1736	https://http2.mlstatic.com/D_Q_NP_2X_858692-MLC81068050955_112024-E.webp
352	https://http2.mlstatic.com/D_Q_NP_2X_858692-MLC81068050955_112024-E.webp
353	https://http2.mlstatic.com/D_Q_NP_2X_858692-MLC81068050955_112024-E.webp
354	https://http2.mlstatic.com/D_Q_NP_2X_858692-MLC81068050955_112024-E.webp
1770	https://http2.mlstatic.com/D_Q_NP_2X_662576-MLA95239328419_102025-E.webp
448	https://http2.mlstatic.com/D_Q_NP_2X_662576-MLA95239328419_102025-E.webp
1769	https://http2.mlstatic.com/D_Q_NP_2X_662576-MLA95239328419_102025-E.webp
447	https://http2.mlstatic.com/D_Q_NP_2X_662576-MLA95239328419_102025-E.webp
450	https://http2.mlstatic.com/D_Q_NP_2X_662576-MLA95239328419_102025-E.webp
449	https://http2.mlstatic.com/D_Q_NP_2X_662576-MLA95239328419_102025-E.webp
451	https://http2.mlstatic.com/D_Q_NP_2X_662576-MLA95239328419_102025-E.webp
452	https://http2.mlstatic.com/D_Q_NP_2X_662576-MLA95239328419_102025-E.webp
1771	https://http2.mlstatic.com/D_Q_NP_2X_662576-MLA95239328419_102025-E.webp
