648	https://http2.mlstatic.com/D_Q_NP_2X_942211-MLA99573525928_122025-E.webp
649	https://http2.mlstatic.com/D_Q_NP_2X_921067-MLA95535603752_102025-E.webp
650	https://http2.mlstatic.com/D_Q_NP_2X_686164-MLA111038178153_042026-E.webp
651	https://http2.mlstatic.com/D_Q_NP_2X_798827-MLA100010541841_122025-E.webp
640	https://http2.mlstatic.com/D_Q_NP_2X_665833-MLC84183126802_052025-E.webp
652	https://http2.mlstatic.com/D_Q_NP_2X_766024-MLA111826669735_052026-E.webp
653	https://http2.mlstatic.com/D_Q_NP_2X_942211-MLA99573525928_122025-E.webp
654	https://http2.mlstatic.com/D_Q_NP_2X_676383-MLA106541802680_022026-E.webp
655	https://http2.mlstatic.com/D_Q_NP_2X_676383-MLA106541802680_022026-E.webp
656	https://http2.mlstatic.com/D_Q_NP_2X_676383-MLA106541802680_022026-E.webp
657	https://http2.mlstatic.com/D_Q_NP_2X_676383-MLA106541802680_022026-E.webp
658	https://http2.mlstatic.com/D_Q_NP_2X_676383-MLA106541802680_022026-E.webp
659	https://http2.mlstatic.com/D_Q_NP_2X_883475-MLA100087130817_122025-E.webp
660	https://http2.mlstatic.com/D_Q_NP_2X_883475-MLA100087130817_122025-E.webp
661	https://http2.mlstatic.com/D_Q_NP_2X_883475-MLA100087130817_122025-E.webp
662	https://http2.mlstatic.com/D_Q_NP_2X_942849-MLA99394437506_112025-E.webp
767	https://http2.mlstatic.com/D_Q_NP_2X_832780-MLC93651570042_102025-E.webp
806	https://http2.mlstatic.com/D_Q_NP_2X_773916-MLA95529019702_102025-E.webp
822	https://http2.mlstatic.com/D_Q_NP_2X_637982-MLA99508691008_112025-E.webp
823	https://http2.mlstatic.com/D_Q_NP_2X_858919-MLA99618157232_122025-E.webp
824	https://http2.mlstatic.com/D_Q_NP_2X_988188-MLC106564726135_022026-E.webp
825	https://http2.mlstatic.com/D_Q_NP_2X_939038-MLA100038857941_122025-E.webp
826	https://http2.mlstatic.com/D_Q_NP_2X_640665-MLC111591499949_052026-E.webp
827	https://http2.mlstatic.com/D_Q_NP_2X_971614-MLA100078698355_122025-E.webp
828	https://http2.mlstatic.com/D_Q_NP_2X_621151-MLA99842148539_112025-E.webp
829	https://http2.mlstatic.com/D_Q_NP_2X_971614-MLA100078698355_122025-E.webp
830	https://http2.mlstatic.com/D_Q_NP_2X_637982-MLA99508691008_112025-E.webp
831	https://http2.mlstatic.com/D_Q_NP_2X_858919-MLA99618157232_122025-E.webp
832	https://http2.mlstatic.com/D_Q_NP_2X_640665-MLC111591499949_052026-E.webp
833	https://http2.mlstatic.com/D_Q_NP_2X_804363-MLC109779227224_042026-E.webp
839	https://http2.mlstatic.com/D_Q_NP_2X_849319-MLA99593021674_122025-E.webp
840	https://http2.mlstatic.com/D_Q_NP_2X_849319-MLA99593021674_122025-E.webp
841	https://http2.mlstatic.com/D_Q_NP_2X_849319-MLA99593021674_122025-E.webp
842	https://http2.mlstatic.com/D_Q_NP_2X_840757-MLA92185254868_092025-E.webp
850	https://http2.mlstatic.com/D_Q_NP_2X_840757-MLA92185254868_092025-E.webp
843	https://http2.mlstatic.com/D_Q_NP_2X_840757-MLA92185254868_092025-E.webp
844	https://http2.mlstatic.com/D_Q_NP_2X_840757-MLA92185254868_092025-E.webp
845	https://http2.mlstatic.com/D_Q_NP_2X_840757-MLA92185254868_092025-E.webp
846	https://http2.mlstatic.com/D_Q_NP_2X_840757-MLA92185254868_092025-E.webp
847	https://http2.mlstatic.com/D_Q_NP_2X_840757-MLA92185254868_092025-E.webp
