747	https://http2.mlstatic.com/D_Q_NP_2X_724833-MLC100871861657_122025-E-guante-multiproposito-flex-pu-pack-12-pares.webp
748	https://http2.mlstatic.com/D_Q_NP_2X_724833-MLC100871861657_122025-E-guante-multiproposito-flex-pu-pack-12-pares.webp
749	https://http2.mlstatic.com/D_Q_NP_2X_724833-MLC100871861657_122025-E-guante-multiproposito-flex-pu-pack-12-pares.webp
750	https://http2.mlstatic.com/D_Q_NP_2X_724833-MLC100871861657_122025-E-guante-multiproposito-flex-pu-pack-12-pares.webp
751	https://http2.mlstatic.com/D_Q_NP_2X_724833-MLC100871861657_122025-E-guante-multiproposito-flex-pu-pack-12-pares.webp
752	https://http2.mlstatic.com/D_Q_NP_2X_724833-MLC100871861657_122025-E-guante-multiproposito-flex-pu-pack-12-pares.webp
753	https://http2.mlstatic.com/D_Q_NP_2X_917629-MLA107886341944_032026-E.webp
754	https://http2.mlstatic.com/D_Q_NP_2X_724833-MLC100871861657_122025-E-guante-multiproposito-flex-pu-pack-12-pares.webp
755	https://http2.mlstatic.com/D_Q_NP_2X_917629-MLA107886341944_032026-E.webp
756	https://http2.mlstatic.com/D_Q_NP_2X_615617-MLC89212685998_082025-E.webp
757	https://http2.mlstatic.com/D_Q_NP_2X_659589-CBT110244880501_042026-E.webp
811	https://http2.mlstatic.com/D_Q_NP_2X_636441-MLA95636510262_102025-E.webp
809	https://http2.mlstatic.com/D_Q_NP_2X_907109-CBT104435704209_012026-E.webp
810	https://http2.mlstatic.com/D_Q_NP_2X_907109-CBT104435704209_012026-E.webp
834	https://http2.mlstatic.com/D_Q_NP_2X_636441-MLA95636510262_102025-E.webp
835	https://http2.mlstatic.com/D_Q_NP_2X_636441-MLA95636510262_102025-E.webp
836	https://http2.mlstatic.com/D_Q_NP_2X_951955-MLA99564885518_122025-E.webp
837	https://http2.mlstatic.com/D_Q_NP_2X_726199-MLA109683065313_032026-E.webp
946	https://http2.mlstatic.com/D_Q_NP_2X_989536-MLA89626382860_082025-E.webp
947	https://http2.mlstatic.com/D_Q_NP_2X_989536-MLA89626382860_082025-E.webp
948	https://http2.mlstatic.com/D_Q_NP_2X_726371-MLA108317394258_032026-E.webp
978	https://http2.mlstatic.com/D_Q_NP_2X_683227-MLC93190196883_092025-E-overol-poplin-azul-marino-buzo-piloto-overall-creflectante.webp
979	https://http2.mlstatic.com/D_Q_NP_2X_683227-MLC93190196883_092025-E-overol-poplin-azul-marino-buzo-piloto-overall-creflectante.webp
980	https://http2.mlstatic.com/D_Q_NP_2X_683227-MLC93190196883_092025-E-overol-poplin-azul-marino-buzo-piloto-overall-creflectante.webp
981	https://http2.mlstatic.com/D_Q_NP_2X_683227-MLC93190196883_092025-E-overol-poplin-azul-marino-buzo-piloto-overall-creflectante.webp
1013	https://http2.mlstatic.com/D_Q_NP_2X_817793-MLC108361079871_032026-E-pantalon-de-trabajo-cargo-gabardina-cintura-elasticada.webp
1014	https://http2.mlstatic.com/D_Q_NP_2X_817793-MLC108361079871_032026-E-pantalon-de-trabajo-cargo-gabardina-cintura-elasticada.webp
1136	https://http2.mlstatic.com/D_Q_NP_2X_858912-MLC89445889397_082025-E.webp
1137	https://http2.mlstatic.com/D_NQ_NP_2X_747858-MLC86946019781_062025-F.webp
1176	https://http2.mlstatic.com/D_NQ_NP_2X_769466-MLA94648909691_102025-F.webp
1213	https://http2.mlstatic.com/D_Q_NP_2X_972067-MLC88443031778_072025-E.webp
1214	https://http2.mlstatic.com/D_NQ_NP_2X_768077-MLA100093679339_122025-F.webp
1262	https://http2.mlstatic.com/D_NQ_NP_2X_701679-MLC105375419646_012026-F.webp
1386	https://http2.mlstatic.com/D_Q_NP_2X_724122-CBT97540816945_112025-E.webp
1388	https://http2.mlstatic.com/D_Q_NP_2X_724122-CBT97540816945_112025-E.webp
1605	https://http2.mlstatic.com/D_Q_NP_2X_942594-CBT110921805043_042026-E.webp
1606	https://http2.mlstatic.com/D_Q_NP_2X_672337-MLC52608077072_112022-E.webp
1607	https://http2.mlstatic.com/D_Q_NP_2X_672337-MLC52608077072_112022-E.webp
1608	https://http2.mlstatic.com/D_Q_NP_2X_672337-MLC52608077072_112022-E.webp
