848	https://http2.mlstatic.com/D_Q_NP_2X_781767-MLC93651340712_102025-E.webp
849	https://http2.mlstatic.com/D_Q_NP_2X_881261-MLA96274855520_102025-E.webp
851	https://http2.mlstatic.com/D_Q_NP_2X_623470-MLA99606446504_122025-E.webp
852	https://http2.mlstatic.com/D_Q_NP_2X_623470-MLA99606446504_122025-E.webp
853	https://http2.mlstatic.com/D_Q_NP_2X_623470-MLA99606446504_122025-E.webp
854	https://http2.mlstatic.com/D_Q_NP_2X_623470-MLA99606446504_122025-E.webp
855	https://http2.mlstatic.com/D_Q_NP_2X_623470-MLA99606446504_122025-E.webp
856	https://http2.mlstatic.com/D_Q_NP_2X_623470-MLA99606446504_122025-E.webp
859	https://http2.mlstatic.com/D_Q_NP_2X_623470-MLA99606446504_122025-E.webp
857	https://http2.mlstatic.com/D_Q_NP_2X_623470-MLA99606446504_122025-E.webp
858	https://http2.mlstatic.com/D_Q_NP_2X_623470-MLA99606446504_122025-E.webp
968	https://http2.mlstatic.com/D_Q_NP_2X_722410-MLA99937055429_112025-E.webp
969	https://http2.mlstatic.com/D_Q_NP_2X_722410-MLA99937055429_112025-E.webp
970	https://http2.mlstatic.com/D_Q_NP_2X_722410-MLA99937055429_112025-E.webp
971	https://http2.mlstatic.com/D_Q_NP_2X_722410-MLA99937055429_112025-E.webp
972	https://http2.mlstatic.com/D_Q_NP_2X_722410-MLA99937055429_112025-E.webp
973	https://http2.mlstatic.com/D_Q_NP_2X_722410-MLA99937055429_112025-E.webp
974	https://http2.mlstatic.com/D_Q_NP_2X_722410-MLA99937055429_112025-E.webp
1016	https://http2.mlstatic.com/D_Q_NP_2X_626105-MLA99590951394_122025-E.webp
1850	https://http2.mlstatic.com/D_Q_NP_2X_815666-MLC77476087360_072024-E.webp
1017	https://http2.mlstatic.com/D_Q_NP_2X_762463-MLC105322671576_012026-E.webp
1018	https://http2.mlstatic.com/D_Q_NP_2X_807550-MLA99466372778_112025-E.webp
1019	https://http2.mlstatic.com/D_Q_NP_2X_800017-MLC109804767393_032026-E.webp
1023	https://http2.mlstatic.com/D_Q_NP_2X_803737-MLA100082067019_122025-E.webp
1097	https://http2.mlstatic.com/D_Q_NP_2X_606939-MLA99449829442_112025-E.webp
1098	https://http2.mlstatic.com/D_Q_NP_2X_668397-MLC100351013537_122025-E.webp
1094	https://http2.mlstatic.com/D_Q_NP_2X_868434-MLC109629962262_042026-E-pintura-para-techos-brizzinc-brizz-galon-4-lt.webp
1095	https://http2.mlstatic.com/D_Q_NP_2X_868434-MLC109629962262_042026-E-pintura-para-techos-brizzinc-brizz-galon-4-lt.webp
1096	https://http2.mlstatic.com/D_Q_NP_2X_868434-MLC109629962262_042026-E-pintura-para-techos-brizzinc-brizz-galon-4-lt.webp
1216	https://http2.mlstatic.com/D_Q_NP_2X_670907-MLC111088175699_042026-E.webp
1217	https://http2.mlstatic.com/D_Q_NP_2X_847505-MLA104886930949_012026-E.webp
1218	https://http2.mlstatic.com/D_Q_NP_2X_901238-MLC74464499357_022024-E.webp
1920	https://http2.mlstatic.com/D_Q_NP_2X_643466-MLA99469632582_112025-E.webp
1219	https://http2.mlstatic.com/D_Q_NP_2X_771480-MLA103728389290_012026-E.webp
1220	https://http2.mlstatic.com/D_Q_NP_2X_810358-MLA107686819642_032026-E.webp
1221	https://http2.mlstatic.com/D_Q_NP_2X_699971-CBT83710650472_042025-E.webp
1222	https://http2.mlstatic.com/D_Q_NP_2X_810358-MLA107686819642_032026-E.webp
1223	https://http2.mlstatic.com/D_Q_NP_2X_699971-CBT83710650472_042025-E.webp
1224	https://http2.mlstatic.com/D_Q_NP_2X_876977-MLA99895083322_122025-E.webp
1927	https://http2.mlstatic.com/D_Q_NP_2X_876977-MLA99895083322_122025-E.webp
