2219	https://http2.mlstatic.com/D_NP_2X_966632-MLC69537510626_052023-E.webp
2220	https://http2.mlstatic.com/D_NP_2X_966632-MLC69537510626_052023-E.webp
1510	https://http2.mlstatic.com/D_NP_2X_966632-MLC69537510626_052023-E.webp
2221	https://http2.mlstatic.com/D_NP_2X_966632-MLC69537510626_052023-E.webp
1511	https://http2.mlstatic.com/D_NP_2X_966632-MLC69537510626_052023-E.webp
1512	https://http2.mlstatic.com/D_NP_2X_966632-MLC69537510626_052023-E.webp
2222	https://http2.mlstatic.com/D_NP_2X_966632-MLC69537510626_052023-E.webp
1513	https://http2.mlstatic.com/D_NP_2X_966632-MLC69537510626_052023-E.webp
2223	https://http2.mlstatic.com/D_NP_2X_966632-MLC69537510626_052023-E.webp
1514	https://http2.mlstatic.com/D_NP_2X_966632-MLC69537510626_052023-E.webp
2224	https://http2.mlstatic.com/D_NP_2X_966632-MLC69537510626_052023-E.webp
1515	https://http2.mlstatic.com/D_NP_2X_966632-MLC69537510626_052023-E.webp
2225	https://http2.mlstatic.com/D_NP_2X_966632-MLC69537510626_052023-E.webp
1516	https://http2.mlstatic.com/D_NP_2X_966632-MLC69537510626_052023-E.webp
2226	https://http2.mlstatic.com/D_NP_2X_966632-MLC69537510626_052023-E.webp
1517	https://http2.mlstatic.com/D_NP_2X_966632-MLC69537510626_052023-E.webp
2227	https://http2.mlstatic.com/D_NP_2X_966632-MLC69537510626_052023-E.webp
2228	https://http2.mlstatic.com/D_NP_2X_966632-MLC69537510626_052023-E.webp
1518	https://http2.mlstatic.com/D_NP_2X_966632-MLC69537510626_052023-E.webp
2229	https://http2.mlstatic.com/D_NP_2X_966632-MLC69537510626_052023-E.webp
1519	https://http2.mlstatic.com/D_NP_2X_966632-MLC69537510626_052023-E.webp
2230	https://http2.mlstatic.com/D_NP_2X_966632-MLC69537510626_052023-E.webp
1520	https://http2.mlstatic.com/D_NP_2X_966632-MLC69537510626_052023-E.webp
2231	https://http2.mlstatic.com/D_NP_2X_966632-MLC69537510626_052023-E.webp
1521	https://http2.mlstatic.com/D_NP_2X_966632-MLC69537510626_052023-E.webp
2232	https://http2.mlstatic.com/D_NP_2X_966632-MLC69537510626_052023-E.webp
1522	https://http2.mlstatic.com/D_NP_2X_966632-MLC69537510626_052023-E.webp
2256	https://http2.mlstatic.com/D_NP_2X_910850-MLC53282565834_012023-E.webp
1546	https://http2.mlstatic.com/D_NP_2X_910850-MLC53282565834_012023-E.webp
1547	https://http2.mlstatic.com/D_NP_2X_910850-MLC53282565834_012023-E.webp
2257	https://http2.mlstatic.com/D_NP_2X_910850-MLC53282565834_012023-E.webp
2258	https://http2.mlstatic.com/D_NP_2X_910850-MLC53282565834_012023-E.webp
1548	https://http2.mlstatic.com/D_NP_2X_910850-MLC53282565834_012023-E.webp
2259	https://http2.mlstatic.com/D_NP_2X_910850-MLC53282565834_012023-E.webp
1549	https://http2.mlstatic.com/D_NP_2X_910850-MLC53282565834_012023-E.webp
1550	https://http2.mlstatic.com/D_NP_2X_910850-MLC53282565834_012023-E.webp
2260	https://http2.mlstatic.com/D_NP_2X_910850-MLC53282565834_012023-E.webp
2236	https://http2.mlstatic.com/D_NP_2X_910850-MLC53282565834_012023-E.webp
1526	https://http2.mlstatic.com/D_NP_2X_910850-MLC53282565834_012023-E.webp
1527	https://http2.mlstatic.com/D_NP_2X_910850-MLC53282565834_012023-E.webp
