453	https://http2.mlstatic.com/D_Q_NP_2X_821180-MLA96178005719_102025-E.webp
454	https://http2.mlstatic.com/D_Q_NP_2X_821180-MLA96178005719_102025-E.webp
455	https://http2.mlstatic.com/D_Q_NP_2X_821180-MLA96178005719_102025-E.webp
1772	https://http2.mlstatic.com/D_Q_NP_2X_821180-MLA96178005719_102025-E.webp
456	https://http2.mlstatic.com/D_Q_NP_2X_821180-MLA96178005719_102025-E.webp
505	https://http2.mlstatic.com/D_Q_NP_2X_866804-MLC75732099567_042024-E.webp
1788	https://http2.mlstatic.com/D_Q_NP_2X_866804-MLC75732099567_042024-E.webp
506	https://http2.mlstatic.com/D_Q_NP_2X_866804-MLC75732099567_042024-E.webp
507	https://http2.mlstatic.com/D_Q_NP_2X_866804-MLC75732099567_042024-E.webp
508	https://http2.mlstatic.com/D_Q_NP_2X_866804-MLC75732099567_042024-E.webp
525	https://http2.mlstatic.com/D_Q_NP_2X_735798-MLC47950303131_102021-E.webp
526	https://http2.mlstatic.com/D_Q_NP_2X_735798-MLC47950303131_102021-E.webp
527	https://http2.mlstatic.com/D_Q_NP_2X_953502-MLC80861960070_122024-E.webp
606	https://http2.mlstatic.com/D_Q_NP_2X_791568-MLA99930311977_112025-E.webp
607	https://http2.mlstatic.com/D_Q_NP_2X_812475-MLA99575042064_122025-E.webp
621	https://http2.mlstatic.com/D_Q_NP_2X_700575-MLC83022822204_032025-E.webp
622	https://http2.mlstatic.com/D_Q_NP_2X_700575-MLC83022822204_032025-E.webp
627	https://http2.mlstatic.com/D_Q_NP_2X_985267-MLC88491042147_072025-E.webp
628	https://http2.mlstatic.com/D_Q_NP_2X_985267-MLC88491042147_072025-E.webp
629	https://http2.mlstatic.com/D_Q_NP_2X_985267-MLC88491042147_072025-E.webp
630	https://http2.mlstatic.com/D_Q_NP_2X_985267-MLC88491042147_072025-E.webp
631	https://http2.mlstatic.com/D_Q_NP_2X_985267-MLC88491042147_072025-E.webp
632	https://http2.mlstatic.com/D_Q_NP_2X_985267-MLC88491042147_072025-E.webp
633	https://http2.mlstatic.com/D_Q_NP_2X_985267-MLC88491042147_072025-E.webp
634	https://http2.mlstatic.com/D_Q_NP_2X_915109-MLC70277311502_072023-E.webp
676	https://http2.mlstatic.com/D_Q_NP_2X_991111-MLC71984983623_092023-E.webp
677	https://http2.mlstatic.com/D_Q_NP_2X_897701-MLC50267434871_062022-E.webp
712	https://http2.mlstatic.com/D_Q_NP_2X_742906-MLA99619504376_122025-E.webp
713	https://http2.mlstatic.com/D_Q_NP_2X_742906-MLA99619504376_122025-E.webp
714	https://http2.mlstatic.com/D_Q_NP_2X_922468-MLC49588613332_042022-E.webp
715	https://http2.mlstatic.com/D_Q_NP_2X_758494-MLA99597228164_122025-E.webp
716	https://http2.mlstatic.com/D_Q_NP_2X_922468-MLC49588613332_042022-E.webp
717	https://http2.mlstatic.com/D_Q_NP_2X_922468-MLC49588613332_042022-E.webp
718	https://http2.mlstatic.com/D_Q_NP_2X_742906-MLA99619504376_122025-E.webp
719	https://http2.mlstatic.com/D_Q_NP_2X_700690-MLC79621079507_092024-E.webp
725	https://http2.mlstatic.com/D_Q_NP_2X_843353-MLC83506229234_042025-E.webp
726	https://http2.mlstatic.com/D_Q_NP_2X_843353-MLC83506229234_042025-E.webp
727	https://http2.mlstatic.com/D_Q_NP_2X_866808-MLC74461717845_022024-E.webp
762	https://http2.mlstatic.com/D_Q_NP_2X_985364-MLA95842790927_102025-E.webp
763	https://http2.mlstatic.com/D_Q_NP_2X_985364-MLA95842790927_102025-E.webp
