366	https://http2.mlstatic.com/D_Q_NP_2X_612043-MLA99607101570_122025-O.webp
1798	https://http2.mlstatic.com/D_Q_NP_2X_915096-MLA99615494264_122025-O.webp
1799	https://http2.mlstatic.com/D_Q_NP_2X_915096-MLA99615494264_122025-O.webp
1800	https://http2.mlstatic.com/D_Q_NP_2X_946699-MLA95977539542_102025-O.webp
1801	https://http2.mlstatic.com/D_Q_NP_2X_992096-CBT98149491734_112025-O.webp
1802	https://http2.mlstatic.com/D_Q_NP_2X_881132-MLA96184569591_102025-O.webp
1803	https://http2.mlstatic.com/D_Q_NP_2X_992096-CBT98149491734_112025-O.webp
758	https://http2.mlstatic.com/D_Q_NP_2X_946699-MLA95977539542_102025-O.webp
759	https://http2.mlstatic.com/D_Q_NP_2X_889400-MLC94107485337_102025-O.webp
1804	https://http2.mlstatic.com/D_Q_NP_2X_881132-MLA96184569591_102025-O.webp
1853	https://http2.mlstatic.com/D_Q_NP_2X_735959-MLC73452217320_122023-O.webp
1105	https://http2.mlstatic.com/D_Q_NP_2X_992680-MLC83186214866_042025-O.webp
1106	https://http2.mlstatic.com/D_Q_NP_2X_735959-MLC73452217320_122023-O.webp
1146	https://http2.mlstatic.com/D_Q_NP_2X_870055-MLC71857884591_092023-O.webp
1147	https://http2.mlstatic.com/D_Q_NP_2X_870055-MLC71857884591_092023-O.webp
1148	https://http2.mlstatic.com/D_Q_NP_2X_870055-MLC71857884591_092023-O.webp
1149	https://http2.mlstatic.com/D_Q_NP_2X_870055-MLC71857884591_092023-O.webp
1150	https://http2.mlstatic.com/D_Q_NP_2X_700074-MLC88711971670_072025-O.webp
1151	https://http2.mlstatic.com/D_Q_NP_2X_870055-MLC71857884591_092023-O.webp
1152	https://http2.mlstatic.com/D_Q_NP_2X_870055-MLC71857884591_092023-O.webp
1153	https://http2.mlstatic.com/D_Q_NP_2X_999503-MLA95967331767_102025-O.webp
1154	https://http2.mlstatic.com/D_Q_NP_2X_861401-MLC102445823051_122025-O.webp
1155	https://http2.mlstatic.com/D_Q_NP_2X_999503-MLA95967331767_102025-O.webp
1215	https://http2.mlstatic.com/D_Q_NP_2X_772318-MLC81426953332_122024-O.webp
1230	https://http2.mlstatic.com/D_Q_NP_2X_686741-MLA110131315389_042026-O.webp
1231	https://http2.mlstatic.com/D_Q_NP_2X_686741-MLA110131315389_042026-O.webp
1232	https://http2.mlstatic.com/D_Q_NP_2X_686741-MLA110131315389_042026-O.webp
1233	https://http2.mlstatic.com/D_Q_NP_2X_686741-MLA110131315389_042026-O.webp
1234	https://http2.mlstatic.com/D_Q_NP_2X_686741-MLA110131315389_042026-O.webp
1235	https://http2.mlstatic.com/D_Q_NP_2X_622583-MLC111550183285_052026-O.webp
1940	https://http2.mlstatic.com/D_Q_NP_2X_622583-MLC111550183285_052026-O.webp
1941	https://http2.mlstatic.com/D_Q_NP_2X_993675-CBT109768731634_042026-O.webp
1236	https://http2.mlstatic.com/D_Q_NP_2X_993675-CBT109768731634_042026-O.webp
1237	https://http2.mlstatic.com/D_Q_NP_2X_993675-CBT109768731634_042026-O.webp
1942	https://http2.mlstatic.com/D_Q_NP_2X_993675-CBT109768731634_042026-O.webp
1238	https://http2.mlstatic.com/D_Q_NP_2X_993675-CBT109768731634_042026-O.webp
1239	https://http2.mlstatic.com/D_Q_NP_2X_993675-CBT109768731634_042026-O.webp
1945	https://http2.mlstatic.com/D_Q_NP_2X_993675-CBT109768731634_042026-O.webp
1240	https://http2.mlstatic.com/D_Q_NP_2X_865672-CBT102158617783_122025-O.webp
1241	https://http2.mlstatic.com/D_Q_NP_2X_865672-CBT102158617783_122025-O.webp
1242	https://http2.mlstatic.com/D_Q_NP_2X_966231-MLC70024806874_062023-O.webp
1949	https://http2.mlstatic.com/D_Q_NP_2X_966231-MLC70024806874_062023-O.webp
1243	https://http2.mlstatic.com/D_Q_NP_2X_966231-MLC70024806874_062023-O.webp
1244	https://http2.mlstatic.com/D_Q_NP_2X_966231-MLC70024806874_062023-O.webp
1245	https://http2.mlstatic.com/D_Q_NP_2X_966231-MLC70024806874_062023-O.webp
1246	https://http2.mlstatic.com/D_Q_NP_2X_966231-MLC70024806874_062023-O.webp
1247	https://http2.mlstatic.com/D_Q_NP_2X_835451-MLC54550356191_032023-O.webp
1248	https://http2.mlstatic.com/D_Q_NP_2X_654043-MLC84788244316_052025-O.webp
1955	https://http2.mlstatic.com/D_Q_NP_2X_654043-MLC84788244316_052025-O.webp
1249	https://http2.mlstatic.com/D_Q_NP_2X_654043-MLC84788244316_052025-O.webp
1250	https://http2.mlstatic.com/D_Q_NP_2X_654043-MLC84788244316_052025-O.webp
1956	https://http2.mlstatic.com/D_Q_NP_2X_654043-MLC84788244316_052025-O.webp
1251	https://http2.mlstatic.com/D_Q_NP_2X_654043-MLC84788244316_052025-O.webp
1252	https://http2.mlstatic.com/D_Q_NP_2X_654043-MLC84788244316_052025-O.webp
1253	https://http2.mlstatic.com/D_Q_NP_2X_966231-MLC70024806874_062023-O.webp
1959	https://http2.mlstatic.com/D_Q_NP_2X_654043-MLC84788244316_052025-O.webp
1254	https://http2.mlstatic.com/D_Q_NP_2X_964874-MLC108637986144_032026-O.webp
1255	https://http2.mlstatic.com/D_Q_NP_2X_964874-MLC108637986144_032026-O.webp
